4|16777472|16778239
4|16779264|16781311
4|16785408|16793599
4|16842752|16843007
4|16843264|16859135
4|16908288|16909055
4|16909312|16941055
4|16973824|17039359
4|17039616|17072127
4|17301504|17367039
4|17432576|17435135
4|17435392|17465343
4|17563648|17825791
4|18350080|18874367
4|19726336|19791871
4|19922944|20185087
4|20447232|20971519
4|21233664|21495807
4|22020096|23068671
4|24379392|24641535
4|28573696|28966911
4|29097984|29884415
4|30015488|30408703
4|234881024|234883071
4|234884096|234885119
4|234946560|234947583
4|234952704|234953727
4|234971136|234972159
4|234974208|234975231
4|235929600|236978175
4|241598464|241599487
4|241605632|241606655
4|241611776|241612799
4|241631232|243269631
4|243400704|243531775
4|243662848|243793919
4|244318208|245366783
4|247479296|247480319
4|247483392|247484415
4|247726080|247857151
4|248250368|248381439
4|248512512|249561087
4|453017600|453019647
4|453025792|453027839
4|453032960|453033983
4|453037056|453040127
4|453509120|455081983
4|455272448|455274495
4|455344128|456130559
4|456271872|456273919
4|456294400|456327167
4|456542208|456544255
4|456562688|456564735
4|456572928|456589311
4|459460608|459472895
4|459505664|459538431
4|459735040|459800575
4|459964416|459980799
4|459983872|459984895
4|460136448|460144639
4|460160000|460161023
4|460324864|460341247
4|460345344|460349439
4|460353536|460355583
4|460423168|460439551
4|460521472|460554239
4|460598272|460599295
4|460933120|460935167
4|460945408|460947455
4|461373440|461504511
4|461626368|461627391
4|462422016|462487551
4|462684160|463470591
4|465043456|467927039
4|603979776|603980799
4|603981824|604110847
4|604241920|604504063
4|605028352|606412799
4|606413824|606414335
4|606414592|606420991
4|606601216|607256575
4|607314432|607314943
4|607321600|607387647
4|607649792|608174079
4|610271232|618659839
4|620232704|620494847
4|620625920|620691455
4|620721152|620722175
4|620724224|620725247
4|620733440|620734463
4|620735488|620737535
4|654311424|654311679
4|654311936|654376959
4|658505728|661454847
4|662700032|666894335
4|675807232|675938303
4|679313408|679346175
4|679362560|679378943
4|681705472|681771007
4|704643072|704644095
4|704645120|704650239
4|704651264|704659455
4|704675840|704723967
4|704741376|704774143
4|704905216|705167359
4|707788800|708575231
4|708706304|708751359
4|708752384|708755455
4|708771840|708837375
4|709885952|710017023
4|710098944|710104063
4|710105088|710934527
4|710950912|710961151
4|710962176|711065599
4|711131136|711160831
4|711161856|711163903
4|711196672|711458815
4|712507392|712712191
4|712713216|712769535
4|713031680|714080255
4|714866688|714874879
4|714875904|716930047
4|716931072|716963839
4|717225984|717750271
4|717815808|717848575
4|717881344|720437247
4|720502784|721420287
4|730333184|730988543
4|731119616|731381759
4|732954624|734396415
4|736103424|736104447
4|736106496|736107519
4|736111616|736112639
4|736113664|736115711
4|736117760|736119807
4|736120832|736121855
4|736125952|736126975
4|736137216|736138239
4|736141312|736142335
4|736145408|736146431
4|736147456|736148479
4|736151552|736156671
4|736161792|736162815
4|736185344|736186367
4|736187392|736188415
4|736196608|736197631
4|736209920|736210943
4|736211968|736212991
4|736219136|736220159
4|736221184|736229375
4|736230400|736231423
4|736239616|736263167
4|736264192|736286719
4|736291840|736300031
4|736305152|736324607
4|736331776|736334847
4|736335872|736344063
4|736345088|736354303
4|736356352|736357375
4|736360448|736380927
4|736381952|736382975
4|736388096|736389119
4|736392192|736394239
4|736396288|736398335
4|736400384|736402431
4|736410624|736411647
4|736414720|736415743
4|736423936|736424959
4|736438272|736439295
4|736440320|736441343
4|736442368|736443391
4|736452608|736453631
4|736462848|736465919
4|736471040|736479231
4|736483328|736485375
4|736487424|736489471
4|736498688|736499711
4|736501760|736502783
4|736510976|736513023
4|736525312|736526335
4|736528384|736529407
4|736549888|736559103
4|736567296|736571391
4|736579584|736587775
4|736593920|736606207
4|736886784|737002495
4|737003520|737096703
4|737113088|737115135
4|737127424|737129471
4|737148928|737149951
4|737163264|737165311
4|737166336|737169407
4|737170432|737171455
4|737180672|737184767
4|737185792|737186815
4|737188864|737206271
4|737210368|737220607
4|737226752|737227775
4|737233920|737239039
4|737243136|737244159
4|737257472|737262591
4|737267712|737276927
4|737277952|737279999
4|737282048|737288191
4|737292288|737297407
4|737298432|737305599
4|737316864|737324031
4|737326080|737327103
4|737328128|737331199
4|737332224|737333247
4|737335296|737337343
4|737344512|737345535
4|737346560|737350655
4|737368064|737369087
4|737378304|737379327
4|737380352|737381375
4|737382400|737384447
4|737385472|737386495
4|737391616|737392639
4|737403904|737405951
4|737408000|737409023
4|737542144|737567743
4|737570816|737571839
4|737600512|737601535
4|737608704|737610751
4|737618944|737620991
4|737625088|737626111
4|737627136|737628159
4|737629184|737634303
4|737635328|737637375
4|737645568|737647615
4|737652736|737656831
4|737657856|737675263
4|737678336|737679359
4|737680384|737681407
4|737685504|737686527
4|737692672|737712127
4|737718272|737727487
4|737731584|737733631
4|737735680|737736703
4|737739776|737740799
4|737769472|737770495
4|737772544|737774591
4|737775616|737782783
4|737787904|737788927
4|737799168|737800191
4|737805312|737806335
4|737807360|737810431
4|737811456|737814527
4|737822720|737823743
4|737828864|737835007
4|737837056|737838079
4|737841152|737843199
4|737845248|737846271
4|737847296|737850879
4|737855488|737856511
4|737858560|737861631
4|737864704|737865727
4|737866752|737867775
4|737870848|737872895
4|737879040|737880063
4|737899520|737900543
4|737918976|737919999
4|737929216|737931263
4|737932288|737933311
4|737947648|737948671
4|737949696|737950719
4|738066432|738069503
4|738072576|738073599
4|738075648|738076671
4|738077696|738078719
4|738079744|738080767
4|738082816|738083839
4|738084864|738085887
4|738087936|738091007
4|738092032|738094079
4|738095104|738097151
4|738099200|738100223
4|738101248|738107391
4|738109440|738111487
4|738112512|738118655
4|738119680|738120703
4|738122752|738128895
4|738129920|738135039
4|738136064|738137087
4|738144256|738145279
4|738148352|738152447
4|738153472|738154495
4|738156544|738157567
4|738168832|738169855
4|738177024|738178047
4|738179072|738180095
4|738181120|738182143
4|738183168|738187263
4|738189312|738192383
4|738194432|738195455
4|757645312|757661695
4|759238656|759242751
4|762348544|762349567
4|762362880|762363903
4|762368000|762372095
4|762373120|762376191
4|762383360|762388479
4|762390528|762391551
4|762393600|762395647
4|762398720|762399743
4|762417152|762419199
4|762423296|762424319
4|762425344|762426367
4|762427392|762428415
4|762431488|762437631
4|762441728|762442751
4|762444800|762446847
4|762454016|762455039
4|762456064|762457087
4|762459136|762460159
4|762470400|762471423
4|762477568|762478591
4|762480640|762481663
4|762496000|762498047
4|762504192|762505215
4|762510336|762511359
4|762515968|762516479
4|762522624|762523647
4|762536960|762537983
4|762542080|762543103
4|762545152|762546175
4|762548224|762549247
4|762551296|762552319
4|762553344|762554367
4|762562560|762563583
4|762565632|762566655
4|762569728|762570751
4|762571776|762572799
4|762573824|762575871
4|762580992|762582015
4|762583040|762584063
4|762585088|762587135
4|762590208|762591231
4|762601472|762603519
4|762612736|762613759
4|762615808|762616831
4|762630144|762631167
4|762644480|762645503
4|762647552|762648575
4|762659840|762660863
4|762674176|762675199
4|762706944|762707967
4|762786816|762787839
4|762788864|762792959
4|762800128|762801151
4|762803200|762804223
4|762832896|762833919
4|762864640|762865663
4|762874880|762875903
4|762881024|762882047
4|762900480|762901503
4|762917888|762918911
4|762920960|762924031
4|762928128|762930175
4|762948608|762950655
4|762958848|762959871
4|762966016|762981375
4|762985472|763000831
4|763011072|763026431
4|763042816|763045887
4|763046912|763059199
4|763066368|763067391
4|763068416|763071487
4|763073536|763076607
4|763077632|763083775
4|763087872|763088895
4|763089920|763090943
4|763092992|763102207
4|763106304|763107327
4|763108352|763111423
4|763112448|763113471
4|763118592|763119615
4|763120640|763122687
4|763126784|763127807
4|763132928|763133951
4|763145216|763147263
4|763154432|763155455
4|763164672|763165695
4|763170816|763171839
4|763172864|763173887
4|763177984|763179007
4|763180032|763182079
4|763186176|763193343
4|763201536|763202559
4|763244544|763246591
4|763257856|763258879
4|763259904|763263999
4|763286528|763287551
4|763288576|763289599
4|763299840|763301887
4|763330560|763331583
4|763334656|763336703
4|763337728|763338751
4|763353088|763354111
4|771229696|771230719
4|771248128|771251199
4|771252224|771256319
4|771260416|771262463
4|771279872|771295231
4|771296256|771303423
4|771321856|771322879
4|771341312|771348479
4|771361792|771363839
4|771365888|771369983
4|771378176|771384319
4|771385344|771398655
4|771400704|771401727
4|771404800|771408895
4|771424256|771425279
4|771426304|771427327
4|771428352|771430399
4|771437568|771438591
4|771445760|771450879
4|771454976|771457023
4|771459072|771482623
4|771485696|771486719
4|771489792|771503103
4|771511296|771535871
4|771538944|771550207
4|771555328|771577855
4|771578880|771587071
4|771589120|771617791
4|771618304|771618815
4|771620864|771629055
4|771631104|771632127
4|771633152|771680255
4|771681280|771683327
4|771684352|771685375
4|771686400|771718143
4|771721216|771750911
4|794558464|796917759
4|822345728|822607871
4|825425920|825753599
4|826277888|828375039
4|829423616|830210047
4|830472192|830472447
4|830472704|830474239
4|831258624|831389695
4|832045056|832307199
4|835715072|835977215
4|836058112|836059135
4|836501504|836763647
4|837287936|837550079
4|837746688|837763071
4|837795840|837812223
4|838262784|838270975
4|877658112|877920255
4|880934912|881065983
4|920518656|920649727
4|967835648|967966719
4|973996032|974782463
4|975044608|977272831
4|977397760|977399807
4|977403904|977534975
4|977567744|977600511
4|978452480|978485247
4|978518016|978583551
4|978796544|978812927
4|979599360|979763199
4|980680704|980942847
4|981467136|981991423
4|982515712|982581247
4|983171072|983302143
4|985661440|987758591
4|988807168|989855743
4|991952896|995360767
4|996868096|997195775
4|999751680|999784447
4|999821312|999827455
4|999833600|999837695
4|999845888|999847935
4|999883776|999884799
4|999890944|999891967
4|999898112|999902207
4|999906304|999907327
4|999912448|999913471
4|999917568|999918591
4|999921664|999922687
4|999924736|999932927
4|1000013824|1000079359
4|1001127936|1001390079
4|1002373120|1002405887
4|1002438656|1008730111
4|1010237440|1010302975
4|1010761728|1010827263
4|1017118720|1019215871
4|1019346944|1019478015
4|1019740160|1021313023
4|1021837312|1021968383
4|1022033920|1022099455
4|1022722048|1022754815
4|1022820352|1022885887
4|1023148032|1023213567
4|1023246336|1023279103
4|1023344640|1023410175
4|1023692800|1023696895
4|1023717376|1023721471
4|1023975424|1023979519
4|1024381952|1024385023
4|1024389120|1024391167
4|1025245184|1025277951
4|1025343488|1025373183
4|1025374208|1025375231
4|1026392064|1026408447
4|1026416640|1026420735
4|1026523136|1026539519
4|1026555904|1027080191
4|1029160960|1029177343
4|1031798784|1035993087
4|1038614528|1039007743
4|1039138816|1039400959
4|1055522816|1055588351
4|1146028032|1146044415
4|1172750336|1172766719
4|1172799488|1172815871
4|1173012480|1173028863
4|1173061632|1173078015
4|1199816704|1199849471
4|1200111616|1200127999
4|1200160768|1200177151
4|1363410944|1363673087
4|1385955328|1386086399
4|1589575680|1589608447
4|1694498816|1694499839
4|1694564352|1694565375
4|1694673920|1694674943
4|1694760960|1695023103
4|1695547392|1696595967
4|1696694272|1696882687
4|1696890880|1697382399
4|1697644544|1697775615
4|1697777664|1697779711
4|1697789952|1697790975
4|1697906688|1697972223
4|1697997824|1697998847
4|1698037760|1698103295
4|1698160640|1698162687
4|1698693120|1699611647
4|1699618816|1699627007
4|1699741696|1700793343
4|1700794368|1700798463
4|1700823040|1700855807
4|1701011456|1701019647
4|1701134336|1701142527
4|1701143552|1701143807
4|1701144064|1701150719
4|1701199872|1701208063
4|1701209088|1701209855
4|1701210112|1701216255
4|1701314560|1701576703
4|1701724160|1701736447
4|1701737472|1701740543
4|1702363136|1702821887
4|1702887424|1702888447
4|1702889472|1702903807
4|1702952960|1703411711
4|1703936000|1704984575
4|1707081728|1707737087
4|1707835392|1707845631
4|1707846656|1707851775
4|1707868160|1708130303
4|1709178880|1709834239
4|1709850624|1709852671
4|1709853696|1709867007
4|1709965312|1710882815
4|1710948352|1710949375
4|1710950400|1711210495
4|1728120832|1728121855
4|1728123904|1728125951
4|1728137216|1728138239
4|1728141312|1728142335
4|1728161792|1728162815
4|1728211968|1728212991
4|1728224256|1728225279
4|1728226304|1728227327
4|1728232448|1728232959
4|1728235520|1728239615
4|1728271360|1728286719
4|1728287744|1728290815
4|1728329728|1728330751
4|1728358400|1728359423
4|1728362496|1728363519
4|1728372736|1728373759
4|1728390144|1728391167
4|1728394240|1728396287
4|1728419840|1728420863
4|1728423936|1728424959
4|1728430080|1728431103
4|1728445440|1728446463
4|1728465920|1728466943
4|1728474112|1728475135
4|1728502784|1728503807
4|1728504832|1728505855
4|1728519168|1728520191
4|1728547840|1728548863
4|1728566272|1728569343
4|1728577536|1728580607
4|1728585728|1728586751
4|1728590848|1728591871
4|1728594944|1728595967
4|1728605184|1728606207
4|1728617472|1728618495
4|1728628736|1728630783
4|1728633856|1728634879
4|1728645120|1728646143
4|1728649216|1728650239
4|1728670720|1728671743
4|1728681984|1728683007
4|1728706560|1728709631
4|1728712704|1728713727
4|1728730112|1728731135
4|1728744448|1728745471
4|1728778240|1728779263
4|1728817152|1728818175
4|1728820224|1728821247
4|1728847872|1728848895
4|1728863232|1728864255
4|1728864768|1728865279
4|1728874496|1728875519
4|1728886784|1728887807
4|1728899072|1728900095
4|1728908288|1728909311
4|1728936960|1728937983
4|1728955392|1728956415
4|1728967680|1728968703
4|1728992256|1728993279
4|1729004544|1729006591
4|1729010688|1729011711
4|1729032192|1729033215
4|1729037312|1729039359
4|1729040384|1729041407
4|1729060864|1729061887
4|1729087488|1729088511
4|1729115136|1729116159
4|1729122304|1729125375
4|1729129472|1729130495
4|1729133568|1729134591
4|1729177600|1729178623
4|1729183744|1729184767
4|1729198080|1729199103
4|1729202176|1729203199
4|1729208320|1729209343
4|1729219584|1729220607
4|1729225728|1729226751
4|1729280512|1729281023
4|1729282048|1729283071
4|1729285632|1729288191
4|1729290240|1729291263
4|1729301504|1729302527
4|1729308672|1729310719
4|1729311232|1729311743
4|1729314816|1729317887
4|1729357824|1729358847
4|1729367040|1729368063
4|1729372160|1729373183
4|1729375232|1729376255
4|1729381376|1729382399
4|1729392640|1729393663
4|1729396736|1729397759
4|1729404928|1729405951
4|1729427456|1729428479
4|1729454592|1729455103
4|1729455616|1729456127
4|1729458176|1729460223
4|1729464320|1729466367
4|1729474560|1729475583
4|1729482752|1729483775
4|1729490944|1729491967
4|1729495040|1729519615
4|1729520640|1729527807
4|1729543168|1729544191
4|1729553408|1729554431
4|1729559552|1729560575
4|1729562624|1729563647
4|1729574912|1729575935
4|1729601536|1729603583
4|1729605632|1729606655
4|1729618944|1729619967
4|1729632256|1729633279
4|1729655808|1729656831
4|1729658880|1729659903
4|1729662976|1729663999
4|1729671168|1729672191
4|1729673216|1729674239
4|1729682432|1729683455
4|1729684480|1729685503
4|1729690624|1729691647
4|1729693696|1729694207
4|1729696768|1729702911
4|1729703936|1729704959
4|1729708032|1729710079
4|1729729536|1729730559
4|1729731584|1729732607
4|1729746944|1729747967
4|1729757184|1729758207
4|1729773568|1729774591
4|1729776640|1729777663
4|1729790976|1729791999
4|1729797120|1729799167
4|1729815552|1729816575
4|1729818624|1729819647
4|1729823744|1729824767
4|1729825792|1729826815
4|1729828864|1729829887
4|1729837056|1729838079
4|1729847296|1729848319
4|1729869824|1729870847
4|1729876992|1729878015
4|1729884160|1729885183
4|1729889280|1729891327
4|1729935360|1729936383
4|1729940480|1729941503
4|1729942528|1729943551
4|1729957888|1729958911
4|1729959936|1729960447
4|1729961216|1729961471
4|1729986560|1729989631
4|1730014208|1730014719
4|1730024448|1730025471
4|1730043904|1730044927
4|1730045952|1730046975
4|1730057216|1730058239
4|1730070528|1730071551
4|1730077696|1730078719
4|1730079744|1730080767
4|1730084864|1730085887
4|1730097152|1730103295
4|1730122752|1730123775
4|1730125824|1730126847
4|1730127872|1730128895
4|1730136064|1730137087
4|1730145280|1730146303
4|1730146816|1730147327
4|1730150400|1730360319
4|1730373632|1730374655
4|1730376704|1730377727
4|1730393088|1730394111
4|1730403328|1730404351
4|1730419712|1730420735
4|1730421760|1730422783
4|1730426880|1730429951
4|1730430976|1730431999
4|1730437120|1730438143
4|1730446336|1730448383
4|1730453504|1730476031
4|1730481152|1730483199
4|1730484224|1730485247
4|1730489344|1730490367
4|1730491392|1730493439
4|1730496512|1730497535
4|1730503680|1730505727
4|1730512896|1730521087
4|1730522112|1730524159
4|1730526208|1730527231
4|1730531328|1730535423
4|1730542592|1730544639
4|1730551808|1730552831
4|1730553856|1730555903
4|1730557952|1730558975
4|1730563072|1730564095
4|1730565120|1730566143
4|1730567168|1730569215
4|1730573312|1730574335
4|1730577408|1730578431
4|1730579456|1730580479
4|1730600960|1730604031
4|1730625536|1730626559
4|1730631680|1730632703
4|1730634752|1730636799
4|1730650112|1730658303
4|1730660352|1730669567
4|1730677760|1730686975
4|1730697216|1730698239
4|1730715136|1730715647
4|1730719232|1730719743
4|1730723840|1730724863
4|1730728960|1730729983
4|1730731008|1730732031
4|1730733056|1730741247
4|1730744320|1730745343
4|1730753536|1730754559
4|1730769920|1730770943
4|1730776064|1730777087
4|1730778112|1730780159
4|1730781184|1730783231
4|1730796544|1730800639
4|1730807808|1730808831
4|1730811904|1730814975
4|1730822144|1730824191
4|1730825216|1730826239
4|1730832384|1730833407
4|1730851840|1730852863
4|1730865152|1730866175
4|1730875392|1730876415
4|1730895872|1730898943
4|1730903040|1730904063
4|1730905088|1730906111
4|1730918400|1730919423
4|1730920448|1730922495
4|1730924544|1730925567
4|1730927616|1730929663
4|1730932736|1730933759
4|1730951168|1730952191
4|1730957312|1730958335
4|1730967552|1730969599
4|1730970624|1730971647
4|1730973696|1730974719
4|1730979840|1730980863
4|1730981888|1730990079
4|1730994176|1730995199
4|1730997248|1731018751
4|1731020800|1731060735
4|1731065856|1731066879
4|1731067904|1731068927
4|1731070976|1731103743
4|1731106816|1731115007
4|1731130368|1731132415
4|1731134464|1731135487
4|1731138560|1731139583
4|1731142656|1731144703
4|1731145728|1731146751
4|1731153920|1731154943
4|1731158016|1731159039
4|1731161088|1731162111
4|1731163136|1731165183
4|1731168256|1731170303
4|1731187712|1731188735
4|1731212288|1731213311
4|1731222528|1731223551
4|1731236864|1731239935
4|1731250688|1731251199
4|1731254272|1731262463
4|1731267584|1731268607
4|1731269632|1731270655
4|1731282944|1731284991
4|1731289088|1731290111
4|1731292160|1731293183
4|1731309568|1731311615
4|1731314688|1731315711
4|1731339264|1731340287
4|1731341312|1731349503
4|1731357696|1731362815
4|1731363840|1731366911
4|1731374080|1731382271
4|1731386368|1731394559
4|1731411456|1731411967
4|1731471360|1731472383
4|1731479552|1731483647
4|1731485696|1731488767
4|1731502080|1731504127
4|1731505152|1731507199
4|1731508224|1731509247
4|1731511296|1731512319
4|1731543040|1731545087
4|1731550208|1731551231
4|1731552256|1731553279
4|1731558400|1731564543
4|1731572736|1731573759
4|1731578880|1731581951
4|1731587072|1731588095
4|1731590144|1731591167
4|1731594240|1731595263
4|1731604480|1731605503
4|1731633152|1731635199
4|1731646464|1731647487
4|1731653632|1731654655
4|1731678208|1731679231
4|1731688448|1731689471
4|1731696640|1731697663
4|1731701760|1731702783
4|1731709952|1731711999
4|1731716096|1731717119
4|1731718144|1731719167
4|1731725312|1731726335
4|1731727360|1731729407
4|1731731456|1731732479
4|1731737600|1731739647
4|1731741696|1731743743
4|1731747328|1731747839
4|1731748864|1731750911
4|1731759104|1731760127
4|1731762176|1731763199
4|1731770368|1731771391
4|1731774464|1731775487
4|1731791872|1731792895
4|1731802112|1731804159
4|1731808256|1731809279
4|1731823616|1731824639
4|1731838976|1731839999
4|1731860480|1731861503
4|1731939328|1731940351
4|1731945472|1731946495
4|1731948544|1731953663
4|1731957760|1731958783
4|1731961856|1731963391
4|1731993600|1731994623
4|1731996672|1731997695
4|1732027392|1732028415
4|1732043776|1732044799
4|1732045824|1732046847
4|1732066304|1732067327
4|1732077568|1732078591
4|1732086784|1732087807
4|1732089856|1732092927
4|1732094976|1732097023
4|1732099072|1732100095
4|1732122624|1732123647
4|1732129792|1732130815
4|1732134912|1732140031
4|1732141056|1732151295
4|1732156416|1732166655
4|1732168704|1732174847
4|1732190208|1732205567
4|1732217856|1732219903
4|1732220928|1732221951
4|1732222976|1732230143
4|1732231168|1732236287
4|1732243456|1732249599
4|1732253696|1732280319
4|1732283392|1732285439
4|1732286464|1732318207
4|1732325376|1732337663
4|1732338688|1732342783
4|1732349952|1732358143
4|1732365312|1732366335
4|1732370432|1732370943
4|1732386816|1732387839
4|1732388864|1732389887
4|1732402176|1732403199
4|1732406272|1732407295
4|1732429824|1732430847
4|1732440064|1732447231
4|1732457472|1732457983
4|1732469760|1732483071
4|1732488192|1732489215
4|1732493312|1732494335
4|1732498432|1732499455
4|1732508672|1732509695
4|1732526080|1732527103
4|1732532224|1732533247
4|1732535296|1732536319
4|1732542464|1732543487
4|1732558848|1732559871
4|1732579328|1732580351
4|1732591104|1732591615
4|1732604928|1732605951
4|1732642816|1732643839
4|1732644352|1732644863
4|1732678656|1732679679
4|1732697088|1732699135
4|1732701184|1732702207
4|1732705280|1732707327
4|1732718592|1732719615
4|1732723712|1732725759
4|1732726784|1732729855
4|1732737024|1732740095
4|1732743168|1732744191
4|1732756480|1732758527
4|1732765696|1732766719
4|1732774912|1732786175
4|1732800512|1732806655
4|1732809728|1732810751
4|1732815872|1732816895
4|1732817920|1732818943
4|1732829184|1732845567
4|1732849664|1732850687
4|1732867072|1732869119
4|1732870144|1732875263
4|1732880384|1732881407
4|1732882432|1732883455
4|1732889600|1732891647
4|1732898816|1732901887
4|1732909056|1732916223
4|1732917248|1732919295
4|1732923392|1732924415
4|1732934656|1732935679
4|1732940800|1732943871
4|1732955136|1732956159
4|1732962304|1732963327
4|1732989440|1732989951
4|1732990976|1732993023
4|1732995072|1732998143
4|1732999168|1733000191
4|1733001216|1733002239
4|1733005312|1733006335
4|1733007360|1733008383
4|1733028864|1733029119
4|1733049344|1733053439
4|1733057536|1733058559
4|1733089280|1733092351
4|1733106688|1733107711
4|1733112832|1733114879
4|1733117952|1733118975
4|1733122048|1733124095
4|1733133312|1733134335
4|1733137408|1733138431
4|1733155840|1733156863
4|1733179392|1733183487
4|1733196800|1733197823
4|1733209088|1733211135
4|1733215232|1733216255
4|1733223424|1733224447
4|1733236736|1733238783
4|1733239808|1733242879
4|1733244928|1733249023
4|1733251072|1733253119
4|1733265408|1733266431
4|1733278720|1733285887
4|1733288960|1733289471
4|1733303296|1733304319
4|1733307392|1733308415
4|1733314560|1733315583
4|1733341184|1733344255
4|1733345280|1733346303
4|1733347328|1733348351
4|1733355520|1733356543
4|1733362688|1733364735
4|1733365760|1733367807
4|1733372928|1733374975
4|1733386240|1733387263
4|1733392384|1733393407
4|1733399552|1733400575
4|1733403648|1733405695
4|1733408512|1733409791
4|1733412864|1733413887
4|1733421056|1733422079
4|1733442560|1733443583
4|1733444608|1733445631
4|1733448704|1733449727
4|1733453824|1733454847
4|1733484544|1733485567
4|1733487616|1733488639
4|1733504000|1733505023
4|1733506048|1733507071
4|1733508096|1733510143
4|1733511168|1733512191
4|1733521408|1733522431
4|1733523456|1733524479
4|1733538816|1733539839
4|1733558272|1733559295
4|1733561344|1733566463
4|1733570560|1733571583
4|1733574656|1733575679
4|1733576704|1733577727
4|1733593088|1733594111
4|1733601792|1733602303
4|1733628928|1733630975
4|1733635072|1733637119
4|1733645312|1733646335
4|1733658624|1733659647
4|1733660672|1733661695
4|1733665792|1733669887
4|1733671424|1733671935
4|1733681152|1733682175
4|1733696512|1733698559
4|1733704704|1733705727
4|1733710848|1733711871
4|1733741568|1733756927
4|1733760000|1733761023
4|1733763072|1733764095
4|1733779456|1733780479
4|1733788672|1733789695
4|1733800960|1733801983
4|1733812224|1733813247
4|1733821440|1733826559
4|1733828608|1733830655
4|1733835776|1733837823
4|1733838848|1733839871
4|1733844992|1733846015
4|1733862400|1733863423
4|1733874688|1733875711
4|1733893120|1733894143
4|1733910528|1733916671
4|1733923840|1733924863
4|1733929984|1733931007
4|1733933056|1733945343
4|1733964544|1733966335
4|1733975040|1733976063
4|1733977088|1733986303
4|1733990400|1733991423
4|1733994496|1733995519
4|1733996544|1733997567
4|1733999616|1734001663
4|1734026240|1734028287
4|1734044672|1734046207
4|1734052352|1734052863
4|1734055936|1734056959
4|1734062080|1734063103
4|1734068224|1734069247
4|1734070272|1734072319
4|1734077440|1734078463
4|1734081536|1734086655
4|1734094848|1734104063
4|1734104576|1734104831
4|1734105088|1734106111
4|1734110208|1734111231
4|1734114304|1734115327
4|1734116352|1734117375
4|1734122496|1734123519
4|1734124544|1734132735
4|1734142976|1734150143
4|1734155264|1734156287
4|1734169600|1734170623
4|1734184448|1734184959
4|1734187008|1734188031
4|1734194176|1734195199
4|1734200320|1734201343
4|1734216704|1734217727
4|1734218752|1734219775
4|1734220800|1734225919
4|1734232064|1734233087
4|1734236160|1734237183
4|1734243328|1734244351
4|1734254592|1734255615
4|1734264832|1734265855
4|1734292480|1734293503
4|1734296576|1734297599
4|1734301696|1734303743
4|1734311936|1734312959
4|1734313984|1734317055
4|1734318080|1734319103
4|1734334464|1734337535
4|1734339584|1734344703
4|1734346752|1734347775
4|1734376448|1734377471
4|1734379520|1734380799
4|1734383616|1734401023
4|1734402048|1734402559
4|1734412288|1734421503
4|1734424576|1734429695
4|1734438912|1734440959
4|1734443008|1734444031
4|1734447104|1734449151
4|1734458368|1734460415
4|1734468608|1734469119
4|1734475776|1734476287
4|1734482944|1734483455
4|1734486016|1734489087
4|1734490112|1734491135
4|1734496256|1734497279
4|1734498304|1734502399
4|1734507520|1734508543
4|1734510592|1734513663
4|1734517760|1734519807
4|1734521856|1734522879
4|1734525952|1734526975
4|1734531072|1734536191
4|1734537216|1734541311
4|1734551552|1734552063
4|1734554624|1734557695
4|1734560768|1734561791
4|1734567936|1734568959
4|1734571008|1734573055
4|1734580224|1734581247
4|1734597632|1734598655
4|1734600704|1734602751
4|1734606848|1734607871
4|1734615040|1734616063
4|1734617088|1734618111
4|1734619136|1734625279
4|1734629376|1734630399
4|1734636544|1734637567
4|1734643712|1734644735
4|1734667264|1734669311
4|1734670336|1734672383
4|1734674432|1734676479
4|1734687744|1734688767
4|1734703104|1734705151
4|1734709248|1734711295
4|1734718464|1734720511
4|1734757376|1734759423
4|1734780928|1734782975
4|1734784000|1734790143
4|1734791168|1734793215
4|1734806528|1734808575
4|1734812672|1734813695
4|1734821888|1734822911
4|1734851584|1734852607
4|1734854656|1734856703
4|1734859776|1734863871
4|1734866944|1734871039
4|1734878208|1734880255
4|1734885376|1734886399
4|1734895616|1734896639
4|1734907904|1734908927
4|1734917120|1734918143
4|1734919680|1734920191
4|1734933504|1734936575
4|1734937600|1734939647
4|1734940416|1734940671
4|1734949888|1734950911
4|1734964224|1734965247
4|1734968320|1734969343
4|1734980608|1734982655
4|1734985728|1734987775
4|1734990848|1734991871
4|1735009280|1735012351
4|1735015424|1735016447
4|1735017472|1735018495
4|1735024640|1735025663
4|1735030784|1735031807
4|1735032832|1735034879
4|1735041024|1735042047
4|1735050240|1735051263
4|1735051776|1735052287
4|1735054336|1735055359
4|1735064576|1735066623
4|1735072768|1735074815
4|1735076864|1735077887
4|1735084032|1735085055
4|1735093248|1735094271
4|1735107584|1735109631
4|1735113728|1735115775
4|1735118848|1735122943
4|1735144448|1735145471
4|1735172096|1735174143
4|1735180288|1735182335
4|1735184384|1735186431
4|1735188480|1735189503
4|1735193600|1735194623
4|1735201792|1735202815
4|1735208960|1735209983
4|1735219200|1735220223
4|1735223808|1735224319
4|1735260160|1735261183
4|1735285760|1735286783
4|1735291904|1735292927
4|1735296000|1735298047
4|1735301120|1735303167
4|1735310336|1735311359
4|1735314432|1735315455
4|1735344128|1735345151
4|1735371776|1735372799
4|1735392256|1735393279
4|1735410688|1735412735
4|1735415808|1735417855
4|1735420928|1735423999
4|1735429120|1735430143
4|1735437312|1735438335
4|1735440384|1735441407
4|1735459840|1735460863
4|1735482368|1735483391
4|1735495680|1735496703
4|1735515136|1735516159
4|1735518208|1735520255
4|1735525376|1735526399
4|1735531520|1735532543
4|1735541760|1735543807
4|1735549952|1735550975
4|1735562240|1735563263
4|1735564288|1735565311
4|1735569408|1735570431
4|1735578624|1735579647
4|1735584768|1735586815
4|1735593984|1735595007
4|1735600128|1735608319
4|1735613440|1735614463
4|1735620608|1735621631
4|1735627776|1735628799
4|1735653376|1735654399
4|1735665664|1735666687
4|1735671808|1735672831
4|1735674880|1735675903
4|1735678976|1735679999
4|1735686144|1735687167
4|1735688192|1735689215
4|1735690752|1735691263
4|1735693312|1735694335
4|1735702528|1735703551
4|1735708160|1735708671
4|1735711744|1735714815
4|1735725056|1735726079
4|1735739392|1735740415
4|1735743488|1735744511
4|1735769088|1735770111
4|1735777280|1735778303
4|1735799808|1735805951
4|1735809024|1735810047
4|1735830784|1735831039
4|1735835648|1735843839
4|1735847936|1735853055
4|1735855104|1735857151
4|1735859200|1735860223
4|1735878656|1735879679
4|1735881472|1735881727
4|1735891968|1735892991
4|1735898112|1735899135
4|1735903232|1735904255
4|1735909376|1735910399
4|1735930880|1735931903
4|1735936000|1735937023
4|1735940096|1735941119
4|1735942144|1735944191
4|1735953408|1735954431
4|1735967744|1735968767
4|1735974912|1735975935
4|1735996416|1735997439
4|1736024064|1736026111
4|1736047104|1736047359
4|1736047616|1736048639
4|1736060928|1736061951
4|1736093696|1736094719
4|1736097792|1736098815
4|1736110080|1736111103
4|1736115200|1736116223
4|1736128512|1736129535
4|1736136704|1736138751
4|1736143872|1736144895
4|1736159232|1736160255
4|1736165376|1736169471
4|1736185856|1736186879
4|1736192000|1736193023
4|1736196096|1736197119
4|1736233984|1736236031
4|1736250368|1736251391
4|1736256512|1736257535
4|1736279040|1736280063
4|1736287232|1736288255
4|1736295424|1736296447
4|1736305664|1736306687
4|1736308736|1736309759
4|1736310784|1736311807
4|1736314880|1736315903
4|1736322048|1736323071
4|1736336384|1736337407
4|1736342528|1736345599
4|1736364032|1736365055
4|1736606720|1736607743
4|1736613888|1736614911
4|1736631296|1736632319
4|1736643584|1736644607
4|1736647680|1736648703
4|1736673792|1736674303
4|1736677376|1736678399
4|1736681472|1736682495
4|1736683520|1736684543
4|1736695808|1736697855
4|1736699904|1736700927
4|1736709632|1736710143
4|1736716288|1736717311
4|1736719360|1736725503
4|1736730624|1736735743
4|1736744960|1736747007
4|1736752128|1736753151
4|1736757248|1736759295
4|1736763904|1736764415
4|1736772608|1736773631
4|1736779776|1736780799
4|1736802304|1736803327
4|1736814592|1736815615
4|1736828928|1736829951
4|1736885248|1736886271
4|1736894464|1736894975
4|1736921088|1736922111
4|1736932352|1736933375
4|1736938496|1736939519
4|1736940544|1736943615
4|1736945664|1736946687
4|1736947712|1736948735
4|1736949760|1736951807
4|1736961024|1736962047
4|1736998912|1736999935
4|1737025536|1737026559
4|1737046528|1737047295
4|1737051136|1737052159
4|1737066496|1737067007
4|1737077760|1737078783
4|1737092096|1737093119
4|1737097728|1737098239
4|1737100288|1737100799
4|1737117696|1737118719
4|1737131520|1737132031
4|1737137152|1737137663
4|1737150464|1737150975
4|1737153536|1737154047
4|1737160704|1737161215
4|1737162752|1737163775
4|1737168384|1737168895
4|1737186304|1737186815
4|1737197056|1737198079
4|1737206784|1737207295
4|1737214976|1737215487
4|1737217024|1737217535
4|1737230336|1737230847
4|1737231872|1737232383
4|1737260544|1737261055
4|1737264128|1737264639
4|1737265152|1737265663
4|1737267200|1737267711
4|1737277440|1737277951
4|1737286656|1737287167
4|1737296384|1737296895
4|1737308672|1737309183
4|1737326592|1737327103
4|1737341440|1737341951
4|1737355776|1737356287
4|1737366528|1737367039
4|1737374208|1737374719
4|1737380352|1737380863
4|1737383936|1737384447
4|1737385472|1737385983
4|1737390592|1737391103
4|1737392128|1737392639
4|1737395200|1737395711
4|1737398784|1737399807
4|1737403392|1737403903
4|1737405440|1737405951
4|1737406976|1737407487
4|1737415680|1737416191
4|1737419264|1737419775
4|1737420288|1737420799
4|1737422848|1737423359
4|1737428992|1737430015
4|1737443840|1737444351
4|1737455616|1737456127
4|1737456640|1737457151
4|1737458688|1737459711
4|1737469440|1737469951
4|1737483264|1737483775
4|1737500672|1737501183
4|1737503744|1737504255
4|1737507328|1737507839
4|1737508352|1737509375
4|1737525248|1737525759
4|1737530880|1737531391
4|1737551872|1737552383
4|1737565696|1737566207
4|1737566720|1737567231
4|1737579520|1737580543
4|1737581056|1737581567
4|1737604096|1737605119
4|1737639936|1737640447
4|1737644544|1737645055
4|1737653248|1737654271
4|1737656832|1737657343
4|1737681920|1737682431
4|1737690112|1737690623
4|1737718784|1737719295
4|1737737728|1737738239
4|1737739776|1737740287
4|1737797120|1737797631
4|1737819648|1737820159
4|1737822464|1737822719
4|1737829376|1737829887
4|1737851904|1737852415
4|1737854976|1737855487
4|1737864448|1737864703
4|1737871872|1737872383
4|1737872896|1737873407
4|1737874432|1737874943
4|1737880064|1737881599
4|1737886208|1737886719
4|1737889792|1737890303
4|1737900544|1737901055
4|1737902080|1737902591
4|1737914880|1737915391
4|1737915904|1737917439
4|1737921024|1737921535
4|1737925632|1737926143
4|1737927680|1737928191
4|1737929728|1737930239
4|1737934848|1737935359
4|1737937408|1737937919
4|1737938432|1737939455
4|1737946112|1737946623
4|1737950208|1737950719
4|1737960448|1737960959
4|1737985536|1737986047
4|1737987072|1737988095
4|1737989632|1737990143
4|1738004480|1738004991
4|1738007552|1738008063
4|1738021888|1738022911
4|1738029056|1738029567
4|1738034176|1738034687
4|1738043392|1738043903
4|1738045440|1738046463
4|1738053632|1738054143
4|1738057728|1738058751
4|1738062336|1738062847
4|1738063872|1738064383
4|1738065920|1738066431
4|1738067968|1738068479
4|1738072064|1738072575
4|1738077696|1738078207
4|1738078720|1738079231
4|1738081280|1738081791
4|1738089472|1738089983
4|1738105856|1738106367
4|1738109440|1738109951
4|1738111488|1738111999
4|1738114048|1738114559
4|1738115584|1738116095
4|1738117632|1738118143
4|1738121216|1738121727
4|1738150400|1738150911
4|1738153472|1738154495
4|1738156032|1738156543
4|1738162688|1738163199
4|1738187264|1738188287
4|1738188800|1738189311
4|1738214912|1738215423
4|1738220032|1738220543
4|1738223616|1738224127
4|1738230784|1738231295
4|1738236928|1738237439
4|1738239488|1738239999
4|1738266112|1738266623
4|1738274816|1738275327
4|1738284032|1738284543
4|1738294272|1738294783
4|1738296832|1738297343
4|1738303488|1738303999
4|1738317312|1738317823
4|1738321408|1738321919
4|1738324480|1738324991
4|1738335232|1738335743
4|1738350080|1738350591
4|1738386944|1738387455
4|1738396672|1738397183
4|1738402304|1738402815
4|1738407424|1738408447
4|1738409984|1738410495
4|1738412032|1738412543
4|1738426880|1738427391
4|1738456576|1738457087
4|1738459136|1738459647
4|1738465280|1738465791
4|1738504704|1738505727
4|1738507776|1738508287
4|1738509824|1738510335
4|1738547200|1738548223
4|1738567680|1738568703
4|1738601472|1738601983
4|1738604032|1738604543
4|1738608128|1738608639
4|1738630656|1738631167
4|1738657792|1738658303
4|1738660864|1738661375
4|1738669568|1738670079
4|1738672640|1738673151
4|1738678272|1738678783
4|1738699776|1738700287
4|1738742784|1738743295
4|1738743808|1738744319
4|1738747392|1738747903
4|1738754560|1738755071
4|1738781696|1738782207
4|1738802176|1738802687
4|1738809344|1738809855
4|1738811392|1738812415
4|1738817536|1738818047
4|1738820608|1738821119
4|1738846720|1738847231
4|1738877952|1738878463
4|1738880000|1738880511
4|1738887680|1738888191
4|1738894848|1738895359
4|1738937344|1738937855
4|1738945024|1738946559
4|1738953728|1738954239
4|1738967552|1738968063
4|1738997760|1738998271
4|1739006976|1739007487
4|1739023360|1739023871
4|1739088384|1739088895
4|1739106816|1739107327
4|1739141632|1739142143
4|1739144704|1739145215
4|1739156480|1739156991
4|1739170304|1739170815
4|1739180544|1739181055
4|1739184128|1739184639
4|1739195392|1739195903
4|1739212800|1739213311
4|1739228672|1739229183
4|1739248128|1739249151
4|1739268096|1739268607
4|1739302400|1739302911
4|1739314688|1739315199
4|1739333632|1739334143
4|1739366400|1739366911
4|1739374336|1739374591
4|1739417088|1739417599
4|1739437568|1739438591
4|1739480576|1739481087
4|1739525632|1739526143
4|1739547136|1739547647
4|1739551232|1739551743
4|1739552256|1739552767
4|1739600896|1739601407
4|1739644416|1739644927
4|1739650048|1739650559
4|1739660288|1739660799
4|1739664384|1739664895
4|1739671040|1739671551
4|1739687936|1739688447
4|1739694592|1739695103
4|1739732992|1739733503
4|1739780096|1739780607
4|1739803648|1739804671
4|1739877376|1739877887
4|1739907584|1739908095
4|1739957248|1739957759
4|1739975168|1739975679
4|1740052992|1740053503
4|1740063232|1740063743
4|1740077568|1740078591
4|1740123648|1740124159
4|1740127232|1740127743
4|1740197376|1740198399
4|1740235776|1740236287
4|1740243968|1740244479
4|1740270592|1740271103
4|1740271616|1740272127
4|1740277760|1740278271
4|1740283392|1740283903
4|1740284416|1740284927
4|1740301312|1740301823
4|1740463104|1740463615
4|1740475392|1740475903
4|1740478464|1740479487
4|1740510208|1740510719
4|1740523264|1740523519
4|1740531712|1740532223
4|1740534784|1740535807
4|1740536320|1740536831
4|1740596736|1740597247
4|1740632576|1740633087
4|1740636160|1740644351
4|1740648448|1740651519
4|1740657664|1740665855
4|1740668928|1740674047
4|1740678144|1740679167
4|1740684288|1740685311
4|1740689408|1740692479
4|1740700672|1740701695
4|1740711936|1740713983
4|1740732416|1740733439
4|1740737536|1740738559
4|1740742656|1740743679
4|1740749824|1740751871
4|1740755968|1740763135
4|1740771328|1740772351
4|1740859392|1740860415
4|1740861440|1740862463
4|1740870656|1740872703
4|1740873728|1740874751
4|1740914688|1740915711
4|1740916736|1740917759
4|1740920832|1740923903
4|1740941312|1740942335
4|1740950528|1740951551
4|1740963840|1740964863
4|1741009920|1741010943
4|1741022208|1741023231
4|1741034496|1741035519
4|1741044736|1741046783
4|1741047808|1741048831
4|1741061120|1741062143
4|1741069312|1741070335
4|1741075456|1741076479
4|1741079552|1741080575
4|1741084672|1741092863
4|1741136896|1741137919
4|1741145088|1741146111
4|1741153280|1741154303
4|1741158400|1741160447
4|1741173760|1741174783
4|1741176832|1741178879
4|1741195264|1741210623
4|1741216768|1741232127
4|1741233152|1741243391
4|1741245440|1741257727
4|1741264896|1741303807
4|1741305856|1741329407
4|1741330432|1741344767
4|1741345792|1741346815
4|1741349888|1741350911
4|1741351936|1741366271
4|1741371392|1741372415
4|1741381632|1741390847
4|1741392896|1741393919
4|1741399040|1741401087
4|1741406208|1741407231
4|1741408256|1741409279
4|1741411328|1741413375
4|1741428736|1741429759
4|1741441024|1741442047
4|1741445120|1741446143
4|1741451264|1741452287
4|1741457408|1741462527
4|1741472768|1741473791
4|1741477888|1741478399
4|1741481984|1741484031
4|1741489152|1741491199
4|1741498368|1741500415
4|1741501440|1741502463
4|1741515776|1741516799
4|1741517824|1741519871
4|1741522944|1741523967
4|1741529600|1741529855
4|1741536256|1741540351
4|1741548544|1741549567
4|1741551616|1741554687
4|1741564928|1741565951
4|1741591552|1741592575
4|1741631488|1741632511
4|1741645824|1741646847
4|1741666304|1741674495
4|1741675520|1741676543
4|1741677568|1741679615
4|1741687808|1741689855
4|1741691904|1741692927
4|1741694976|1741698047
4|1741778944|1741779967
4|1741785088|1741786111
4|1741801472|1741802495
4|1741803520|1741804543
4|1741805568|1741806591
4|1741840384|1741841407
4|1741855744|1741864959
4|1741871104|1741872127
4|1741892608|1741893631
4|1741905920|1741906943
4|1741921280|1741922303
4|1741923328|1741924351
4|1741931008|1741931519
4|1741937664|1741939711
4|1741944832|1741945855
4|1741946880|1741950975
4|1741958144|1741960191
4|1741968384|1741969407
4|1741972480|1741973503
4|1741974528|1741975551
4|1741984768|1741985791
4|1741988864|1741989887
4|1741997056|1741999103
4|1742005248|1742006271
4|1742011392|1742012415
4|1742022656|1742038015
4|1742046208|1742061567
4|1742062592|1742063615
4|1742070272|1742070783
4|1742071808|1742072319
4|1742090240|1742091263
4|1742099456|1742100479
4|1742132224|1742133247
4|1742139392|1742141439
4|1742150656|1742153727
4|1742154752|1742156799
4|1742169088|1742170111
4|1742171136|1742172159
4|1742173184|1742175231
4|1742179328|1742180351
4|1742210048|1742221311
4|1742225408|1742226431
4|1742236672|1742237695
4|1742243840|1742244863
4|1742247936|1742249471
4|1742266368|1742268415
4|1742270464|1742290943
4|1742317568|1742318591
4|1742320640|1742327807
4|1742342144|1742346239
4|1742347264|1742364671
4|1742385664|1742386175
4|1742389248|1742396415
4|1742411776|1742415871
4|1742422016|1742423039
4|1742427136|1742432255
4|1742450688|1742451711
4|1742452736|1742453759
4|1742483456|1742488575
4|1742494720|1742499839
4|1742500864|1742511103
4|1742512128|1742523391
4|1742532608|1742550015
4|1742559232|1742589951
4|1742602240|1742607359
4|1742608384|1742662655
4|1742663680|1742665727
4|1742671872|1742702591
4|1742703616|1742714879
4|1742715904|1742734335
4|1742743552|1742745599
4|1742748672|1742749695
4|1742753792|1742754815
4|1742789632|1742793727
4|1742803456|1742803711
4|1742820352|1742821375
4|1742868480|1742869503
4|1742874624|1742875647
4|1742878720|1742880767
4|1742884864|1742885887
4|1742894080|1742894591
4|1742898176|1742899199
4|1742904320|1742905343
4|1742910464|1742911487
4|1742914560|1742915583
4|1742942208|1742943231
4|1742948352|1742951423
4|1742955520|1742956543
4|1742960640|1742961663
4|1742963712|1742965759
4|1742980096|1742981119
4|1742982144|1742983167
4|1742984192|1742985215
4|1742988288|1742989311
4|1742998528|1742999551
4|1743017984|1743019007
4|1743030272|1743031295
4|1743036416|1743037439
4|1743040512|1743041535
4|1743047680|1743049727
4|1743053824|1743055871
4|1743066112|1743067135
4|1743076352|1743077375
4|1743095808|1743096831
4|1743098880|1743099903
4|1743105024|1743106047
4|1743115264|1743118335
4|1743119360|1743120383
4|1743121408|1743123455
4|1743126528|1743127551
4|1743133696|1743134719
4|1743137792|1743138815
4|1743151104|1743152127
4|1743154688|1743155199
4|1743176704|1743179775
4|1743180800|1743181823
4|1743186944|1743187967
4|1743196160|1743198207
4|1743208448|1743210495
4|1743238144|1743240191
4|1743254528|1743255551
4|1743258624|1743259647
4|1743294464|1743295487
4|1743300096|1743300607
4|1743305728|1743306751
4|1743311872|1743312895
4|1743324160|1743325183
4|1743334400|1743335423
4|1743336448|1743337471
4|1743349760|1743350783
4|1743355904|1743356927
4|1743357952|1743358975
4|1743364608|1743365119
4|1743368704|1743369215
4|1743381504|1743382527
4|1743388672|1743389695
4|1743393792|1743394815
4|1743403008|1743404031
4|1743421440|1743422463
4|1743432704|1743433727
4|1743434752|1743435775
4|1743451136|1743452159
4|1743466496|1743467519
4|1743468544|1743470591
4|1743474688|1743476735
4|1743479808|1743480831
4|1743486976|1743493119
4|1743501312|1743502335
4|1743503360|1743504383
4|1743505408|1743506431
4|1743510528|1743545343
4|1743549440|1743549951
4|1743550464|1743551487
4|1743566848|1743567871
4|1743576064|1743577087
4|1743579136|1743580159
4|1743581184|1743589375
4|1743591424|1743593471
4|1743602688|1743603711
4|1743607808|1743609343
4|1743624192|1743625215
4|1743630336|1743652863
4|1743654912|1743666175
4|1743673344|1743676415
4|1743684608|1743685631
4|1743686656|1743688703
4|1743689728|1743690239
4|1743691776|1743699967
4|1743700992|1743702015
4|1743703040|1743704063
4|1743715328|1743717375
4|1743727616|1743728639
4|1743733760|1743734783
4|1743755264|1743757311
4|1743762432|1743764479
4|1743765504|1743767551
4|1743768576|1743770623
4|1743773696|1743774719
4|1743778816|1743779839
4|1743785984|1743787007
4|1743791104|1743792127
4|1743792640|1743793151
4|1743800320|1743801343
4|1743803392|1743804415
4|1743813632|1743814655
4|1743825920|1743826943
4|1743830016|1743831039
4|1743833088|1743834111
4|1743844352|1743845375
4|1743850496|1743851519
4|1743870976|1743873023
4|1743888384|1743889407
4|1743891456|1743891967
4|1743894528|1743896575
4|1743903744|1743904767
4|1743929344|1743930367
4|1743945728|1743947775
4|1743953920|1743954943
4|1743955968|1743959039
4|1743964160|1743965183
4|1743967232|1743968255
4|1743969280|1743970303
4|1743974400|1743975423
4|1744013312|1744014335
4|1744043008|1744044031
4|1744048128|1744049151
4|1744050688|1744051199
4|1744058880|1744066559
4|1744073728|1744074751
4|1744086016|1744087039
4|1744103424|1744104447
4|1744108544|1744109567
4|1744115456|1744116223
4|1744122880|1744123903
4|1744124928|1744125951
4|1744130048|1744131071
4|1744141312|1744143359
4|1744177152|1744179199
4|1744205824|1744207871
4|1744208896|1744209919
4|1744214016|1744216063
4|1744283648|1744286719
4|1744289536|1744289791
4|1744291840|1744292863
4|1744294912|1744295935
4|1744306176|1744306687
4|1744322560|1744323583
4|1744331776|1744332799
4|1744337920|1744338943
4|1744345088|1744346111
4|1744349184|1744350207
4|1744355328|1744356351
4|1744360448|1744361471
4|1744363520|1744364543
4|1744373760|1744375807
4|1744385024|1744386047
4|1744398336|1744399359
4|1744404480|1744405503
4|1744406528|1744407551
4|1744408576|1744409599
4|1744413696|1744417791
4|1744419840|1744421887
4|1744434176|1744435199
4|1744436224|1744437247
4|1744445440|1744446463
4|1744463872|1744464895
4|1744468992|1744470015
4|1744483328|1744484351
4|1744486400|1744487423
4|1744492544|1744493567
4|1744494592|1744495615
4|1744497664|1744498687
4|1744500736|1744502783
4|1744510976|1744511999
4|1744524288|1744525311
4|1744527360|1744528383
4|1744534528|1744536575
4|1744543744|1744544767
4|1744551936|1744552959
4|1744555008|1744556031
4|1744564224|1744565247
4|1744575488|1744576511
4|1744577536|1744578559
4|1744584704|1744585727
4|1744592896|1744593919
4|1744594944|1744595967
4|1744612352|1744613375
4|1744620544|1744622591
4|1744627712|1744628735
4|1744631808|1744632831
4|1744634880|1744635903
4|1744649216|1744650239
4|1744686080|1744687103
4|1744690176|1744692223
4|1744693248|1744694271
4|1744701440|1744702463
4|1744704512|1744705535
4|1744715776|1744719871
4|1744728064|1744729087
4|1744744448|1744745471
4|1744747520|1744748543
4|1744749568|1744749823
4|1744755712|1744756735
4|1744782336|1744783359
4|1744787456|1744789503
4|1744799744|1744801791
4|1744812032|1744813055
4|1744816128|1744817151
4|1744818176|1744818687
4|1744819200|1744820223
4|1744823296|1744824319
4|1778384896|1778385151
4|1778385408|1778393087
4|1778396160|1778397183
4|1778401280|1778417663
4|1778515968|1779040255
4|1779105792|1781727231
4|1781792768|1782579199
4|1783234560|1783365631
4|1783627776|1784676351
4|1785462784|1786773503
4|1793064960|1794113535
4|1844707328|1844772863
4|1845886976|1846018047
4|1846542336|1846804479
4|1847732224|1847734271
4|1848115200|1848377343
4|1848380416|1848381439
4|1848414208|1848418303
4|1848639488|1848705023
4|1848836096|1849032703
4|1849163776|1849819135
4|1850212352|1850343423
4|1850408960|1850490879
4|1850508288|1850509311
4|1850514432|1850515455
4|1850521600|1850522623
4|1850523648|1850572799
4|1850736640|1851523071
4|1851540480|1851541503
4|1851596800|1851604991
4|1851654144|1853882367
4|1855455232|1855848447
4|1856315392|1856323583
4|1856372736|1856503807
4|1856815104|1856843775
4|1856847872|1856864255
4|1856880640|1856888831
4|1857028096|1860173823
4|1860435968|1860698111
4|1860706304|1860714495
4|1860960256|1861091327
4|1861222400|1866465279
4|1866596352|1866661887
4|1866711040|1866715135
4|1866743808|1866751999
4|1866989568|1867513855
4|1867841536|1867907071
4|1868363776|1868365823
4|1869611008|1870004223
4|1870055424|1870057471
4|1870086144|1870110719
4|1870135296|1870462975
4|1870528512|1873281023
4|1873412096|1873477631
4|1873543168|1874329599
4|1874460672|1874591743
4|1874853888|1876426751
4|1876761600|1876761855
4|1876787200|1876885503
4|1876886528|1876890623
4|1876946944|1876947967
4|1876948992|1876950015
4|1876951040|1877475327
4|1877696512|1877704703
4|1877711872|1877721087
4|1879048192|1883504639
4|1883832320|1884028927
4|1884291072|1885863935
4|1886224384|1886257151
4|1886322688|1886781439
4|1887043584|1887764479
4|1888038912|1888040959
4|1891631104|1891893247
4|1893728256|1896480767
4|1896595456|1896603647
4|1896611840|1897070591
4|1897261056|1897263103
4|1897398272|1897660415
4|1897857024|1897922559
4|1898708992|1899233279
4|1899274240|1899282431
4|1899291648|1899292671
4|1899364352|1899724799
4|1899749376|1899750399
4|1899888640|1904345087
4|1904369664|1904375807
4|1904476160|1905262591
4|1908418560|1908419071
4|1908539392|1908670463
4|1908761600|1908762623
4|1908932608|1909129215
4|1909194752|1909456895
4|1909481472|1909587967
4|1909719040|1909735423
4|1909744640|1909745663
4|1909766144|1909768191
4|1909784576|1909817343
4|1909850112|1909981183
4|1910112256|1912340479
4|1914437632|1914503167
4|1914650624|1914652671
4|1916141568|1916272639
4|1916534784|1917124607
4|1917796352|1917812735
4|1917845504|1919680511
4|1919811584|1919815679
4|1919827968|1919844351
4|1919877120|1919885311
4|1919918080|1919926271
4|1919942656|1920434175
4|1920450560|1920466943
4|1921253376|1921318911
4|1921449984|1921515519
4|1921646592|1921777663
4|1921859584|1921861631
4|1921863680|1921865727
4|1921875968|1921892351
4|1921943552|1921945599
4|1925447680|1925578751
4|1925642240|1925644287
4|1926234112|1929379839
4|1930952704|1931345919
4|1931427840|1931431935
4|1931476992|1931739135
4|1932146688|1932147711
4|1932263424|1933574143
4|1933918208|1933922303
4|1934884864|1934901247
4|1934999552|1935015935
4|1935933440|1936457727
4|1937244160|1937506303
4|1937510400|1937514495
4|1939079168|1939865599
4|1940275200|1940283391
4|1940389888|1940914175
4|1941176320|1941438463
4|1941635072|1941639167
4|1941831680|1945108479
4|1946159104|1946161151
4|1946163200|1946165247
4|1946222592|1946943487
4|1947009024|1947074559
4|1947205632|1948254207
4|1949433856|1949437951
4|1949564928|1949958143
4|1949990912|1949995007
4|1950011392|1950015487
4|1950089216|1950351359
4|1950482432|1950515199
4|1950648320|1950650367
4|1950658560|1950660607
4|1950679040|1950777343
4|1951137792|1951399935
4|1951727616|1951793151
4|1952026624|1952030719
4|1952051200|1952052223
4|1952075776|1952079871
4|1952102400|1952104447
4|1952382976|1952448511
4|1953497088|1953890303
4|1954545664|1958805503
4|1958809600|1958821887
4|1958850560|1958852607
4|1958871040|1959067647
4|1959108608|1959110655
4|1959133184|1959239679
4|1959526400|1959559167
4|1959560192|1959561215
4|1959591936|1959657471
4|1959723008|1960050687
4|1960091648|1960095743
4|1960127488|1960128511
4|1960132608|1960181759
4|1960189952|1960202239
4|1960214528|1960574975
4|1960837120|1961885695
4|1962016768|1962541055
4|1962622976|1962639359
4|1962672128|1962803199
4|1962829824|1962831871
4|1962835968|1962868735
4|1962901504|1962934271
4|1963458560|1963982847
4|1964310528|1965948927
4|1966080000|1966342143
4|1966419968|1966424063
4|1966452736|1966456831
4|1966669824|1966768127
4|1966800896|1967783935
4|1967800320|1967808511
4|1967816704|1969225727
4|1969487872|1969618943
4|1969688576|1969692671
4|1969694720|1969696767
4|1969702912|1969704959
4|1969717248|1969721343
4|1969793024|1969795071
4|1969881088|1970012159
4|1970274304|1970798591
4|1970814976|1970915327
4|1970962432|1970995199
4|1971060736|1971765247
4|1971781632|1975517183
4|1981284352|1981424639
4|1981425664|1981442047
4|1981444096|1981449215
4|1981449472|1981452287
4|1981456384|1981460479
4|1981463552|1981480959
4|1981546496|1981808639
4|1983905792|1984102399
4|1984131072|1984135167
4|1984430080|1985085439
4|1985216512|1985347583
4|1985486848|1985609727
4|1985736704|1985740799
4|1986400256|1986406399
4|1986503680|1986507775
4|1987051520|1988034559
4|1988067328|1988075519
4|1988362240|1988624383
4|1989148672|1989410815
4|1991376896|1991442431
4|1991507968|1991835647
4|1991901184|1992097791
4|1992163328|1992364031
4|1992372224|1992374271
4|1992384512|1992483839
4|1992486912|1992488959
4|1992491008|1992818687
4|1992949760|1993342975
4|1993605120|1993736191
4|1993850880|1993867263
4|1994391552|1994850303
4|1995374592|1995440127
4|1995571200|1995636735
4|1995702272|1996627967
4|1996652544|1997012991
4|1997144064|1997176831
4|1997506560|1997508607
4|1997537280|1997602815
4|1997717504|1997723647
4|1997725696|1998061567
4|1998274560|1998454783
4|1998467072|1998471167
4|1998569472|1998577663
4|1998585856|1999130623
4|1999142912|1999249407
4|1999273984|1999278079
4|1999298560|1999306751
4|1999372288|1999503359
4|1999634432|2000158719
4|2000224256|2000355327
4|2000388096|2000617471
4|2000625664|2000633855
4|2001457152|2001461247
4|2001600512|2001797119
4|2001915904|2001919999
4|2001993728|2002518015
4|2002780160|2003304447
4|2003566592|2003697663
4|2003828736|2006188031
4|2006228992|2006237183
4|2006433792|2006450175
4|2007025664|2007027711
4|2007070720|2007498751
4|2008023040|2009071615
4|2011693056|2011824127
4|2011922432|2011938815
4|2012741632|2013003775
4|2013028352|2013030399
4|2013065216|2014314495
4|2014838784|2015100927
4|2015232000|2016542719
4|2016673792|2016935935
4|2017460224|2017984511
4|2017992704|2018000895
4|2018017280|2018050047
4|2018246656|2019033087
4|2019035136|2019037183
4|2019164160|2019360767
4|2019426304|2019557375
4|2021654528|2022178815
4|2022182912|2022184959
4|2022211584|2022227967
4|2022244352|2022277119
4|2022670336|2022678527
4|2025848832|2030043135
4|2030045184|2030051327
4|2030305280|2030436351
4|2030567424|2032926719
4|2033057792|2033074175
4|2033077248|2033078271
4|2033090560|2033319935
4|2033321984|2033324031
4|2033385472|2033451007
4|2033491968|2033500159
4|2033504256|2033516543
4|2033627136|2033629183
4|2033630208|2033631231
4|2033647616|2033663999
4|2033713152|2033876991
4|2033879040|2033887231
4|2033909760|2034237439
4|2034499584|2034761727
4|2035023872|2035154943
4|2035253248|2035269631
4|2035875840|2035941375
4|2036033536|2036035583
4|2036629504|2036678655
4|2036715520|2036719615
4|2042626048|2043150335
4|2043199488|2043201535
4|2043215872|2043281407
4|2043412480|2043674623
4|2044723200|2045771775
4|2046296064|2046558207
4|2046754816|2046820351
4|2046836736|2046885887
4|2047082496|2047377407
4|2047393792|2047475711
4|2047508480|2047510015
4|2047510528|2047511039
4|2047517696|2047525887
4|2047526912|2047532031
4|2047534080|2047538175
4|2047541248|2047574015
4|2047606784|2047803391
4|2049966080|2050047999
4|2050162688|2050228223
4|2051014656|2053242879
4|2053505024|2053509119
4|2053521408|2053529599
4|2054160384|2054422527
4|2054619136|2054684671
4|2055234560|2055235583
4|2055239680|2055241727
4|2055733248|2056257535
4|2056290304|2056323071
4|2056830976|2056847359
4|2057043968|2057306111
4|2059141120|2059665407
4|2059796480|2059862015
4|2059937792|2059939839
4|2059943936|2059960319
4|2060005376|2060009471
4|2060189696|2060451839
4|2061500416|2063073279
4|2063079424|2063081471
4|2063085568|2063089663
4|2063548416|2063550463
4|2063630336|2063646719
4|2063859712|2064646143
4|2066841600|2066874367
4|2066915328|2066923519
4|2067005440|2067447807
4|2067456000|2067726335
4|2067791872|2070052863
4|2070118400|2070159359
4|2070216704|2070282239
4|2070347776|2070380543
4|2070697984|2070698495
4|2070708224|2070712319
4|2070728704|2070732799
4|2070937600|2072510463
4|2072530944|2072535039
4|2072576000|2072772607
4|2073034752|2075131903
4|2075147264|2075148287
4|2075152384|2075156479
4|2075197440|2076180479
4|2076442624|2076573695
4|2076672000|2076704767
4|2077097984|2077229055
4|2078801920|2079064063
4|2079457280|2079490047
4|2079506432|2079508479
4|2079588352|2079850495
4|2079916032|2079981567
4|2080191488|2080191999
4|2080268288|2080270335
4|2080784384|2080800767
4|2081292288|2081554431
4|2081685504|2081947647
4|2082258944|2082308095
4|2082406400|2082471935
4|2083024896|2083053567
4|2083057664|2083058687
4|2083127296|2083192831
4|2083454976|2083471359
4|2084569088|2084732927
4|2084765696|2085617663
4|2086141952|2086666239
4|2087454720|2087456767
4|2087462912|2087464959
4|2087542784|2087544831
4|2087714816|2088239103
4|2088632320|2089287679
4|2090041344|2090074111
4|2090240256|2090240511
4|2090270720|2090401791
4|2090860544|2091384831
4|2091646976|2091909119
4|2092957696|2093088767
4|2093219840|2093285375
4|2093299712|2093301759
4|2093481984|2094006271
4|2094792704|2096152575
4|2096234496|2096300031
4|2096349184|2096365567
4|2096627712|2096660479
4|2096693248|2096889855
4|2097020928|2097037311
4|2099232768|2100297727
4|2100985856|2101018623
4|2101182464|2101231615
4|2101346304|2103640063
4|2103967744|2105540607
4|2108227584|2108293119
4|2108358656|2108424191
4|2110783488|2110799871
4|2110914560|2111045631
4|2111111168|2111143935
4|2111201280|2111209471
4|2111242240|2111258623
4|2111307776|2111832063
4|2113830912|2113863679
4|2154561536|2154627071
4|2166095872|2166161407
4|2177630208|2177695743
4|2178088960|2178154495
4|2229796864|2229862399
4|2259615744|2259681279
4|2302360320|2302360575
4|2302367744|2302368767
4|2331789312|2331789823
4|2331790848|2331791359
4|2331795456|2331795967
4|2331801088|2331801599
4|2331812352|2331812863
4|2332375040|2332377087
4|2332381184|2332382207
4|2332384256|2332385279
4|2332388352|2332389375
4|2332393472|2332394495
4|2332401664|2332402687
4|2332409856|2332410879
4|2332412928|2332413951
4|2332414976|2332415999
4|2332423168|2332424191
4|2332622848|2332688383
4|2340487168|2340552703
4|2341732352|2341797887
4|2342191104|2342256639
4|2342453248|2342518783
4|2343174144|2343239679
4|2343567360|2343632895
4|2344026112|2344091647
4|2344222720|2344288255
4|2344419328|2344484863
4|2344878080|2346188799
4|2346254336|2346319871
4|2346385408|2346582015
4|2346713088|2346778623
4|2346844160|2346975231
4|2353725440|2353790975
4|2358181888|2358247423
4|2360541184|2360606719
4|2362245120|2362441727
4|2362572800|2362638335
4|2363490304|2363555839
4|2364342272|2364407807
4|2364538880|2364604415
4|2364735488|2364801023
4|2364932096|2364997631
4|2365128704|2365259775
4|2365521920|2365587455
4|2388000768|2388066303
4|2403336192|2403401727
4|2415919104|2415984639
4|2416377856|2416443391
4|2416705536|2416771071
4|2419081216|2419082239
4|2419087360|2419088383
4|2419104768|2419105791
4|2419110912|2419112959
4|2419117056|2419120127
4|2419121152|2419122175
4|2419129344|2419130367
4|2419326976|2419392511
4|2421097472|2421097983
4|2421099008|2421099519
4|2421103616|2421104127
4|2421107200|2421107711
4|2421110272|2421110783
4|2421114368|2421114879
4|2421117952|2421118463
4|2421126656|2421127167
4|2421134336|2421134847
4|2423980032|2424045567
4|2432630784|2432696319
4|2453192704|2453209087
4|2462332928|2462333951
4|2462336000|2462338047
4|2462342144|2462343167
4|2462347264|2462349311
4|2462350336|2462351359
4|2487615488|2487681023
4|2502492160|2502557695
4|2516582400|2516647935
4|2524119040|2524184575
4|2524512256|2524643327
4|2525071360|2525072383
4|2525085696|2525086719
4|2525101056|2525102079
4|2525626368|2525757439
4|2526937088|2527002623
4|2531196928|2531262463
4|2532442112|2532445183
4|2532449280|2532450303
4|2532453376|2532457471
4|2532461568|2532463615
4|2532465664|2532467711
4|2532470784|2532473855
4|2532481024|2532486143
4|2532489216|2532492287
4|2532496384|2532497407
4|2532499456|2532500479
4|2532501504|2532506623
4|2532835328|2532900863
4|2533294080|2533359615
4|2543717888|2543718399
4|2543732736|2543733247
4|2543734272|2543735295
4|2543745536|2543746047
4|2556985344|2557018111
4|2559049728|2559115263
4|2566914048|2566979583
4|2567110656|2567176191
4|2569142272|2569404415
4|2573402112|2573467647
4|2573533184|2573598719
4|2574647296|2574778367
4|2584248320|2584281087
4|2634022912|2634088447
4|2634686976|2634687999
4|2634706944|2634707455
4|2634708480|2634708991
4|2634711552|2634712063
4|2634734080|2634735103
4|2634741248|2634741759
4|2635024896|2635025407
4|2635030016|2635030527
4|2635031552|2635033087
4|2635057152|2635057663
4|2635202560|2635268095
4|2635368448|2635368959
4|2635383296|2635383807
4|2635396608|2635397119
4|2638020608|2638086143
4|2638359040|2638359551
4|2638366208|2638366719
4|2638370816|2638372863
4|2638390272|2638390783
4|2638410752|2638411263
4|2641823744|2641826815
4|2641828864|2641829887
4|2641855488|2641864703
4|2641865728|2641866751
4|2641870848|2641872895
4|2641883136|2641884159
4|2641886208|2641887231
4|2642018304|2642083839
4|2643722240|2643787775
4|2644246528|2644312063
4|2650734592|2650800127
4|2654732288|2654797823
4|2655977472|2656043007
4|2660039680|2660040703
4|2669346816|2669412351
4|2672492544|2672558079
4|2682388480|2682454015
4|2685619200|2685619711
4|2685620736|2685621247
4|2685652992|2685656063
4|2685669376|2685670399
4|2685677568|2685678591
4|2685698560|2685699071
4|2685811200|2685811711
4|2685817344|2685817855
4|2685834240|2685834751
4|2685844480|2685844991
4|2685853696|2685854207
4|2685855232|2685855743
4|2685858816|2685859839
4|2685995520|2685996543
4|2685998080|2685998591
4|2686042624|2686043135
4|2686330880|2686331391
4|2686358528|2686359551
4|2686370304|2686371839
4|2686379520|2686380031
4|2696666880|2696667135
4|2696674304|2696675327
4|2696871936|2696872447
4|2696898560|2696899071
4|2696900096|2696900607
4|2697608192|2697609215
4|2697630720|2697632767
4|2697635840|2697636863
4|2697647104|2697658367
4|2699841024|2699841535
4|2699858944|2699859455
4|2699862528|2699863039
4|2700742144|2700743679
4|2700744704|2700745215
4|2700760064|2700760575
4|2700761600|2700762111
4|2700764672|2700765695
4|2700779520|2700780031
4|2700782080|2700782591
4|2700793344|2700793855
4|2700803072|2700803583
4|2708996096|2709061631
4|2713518080|2713583615
4|2714697728|2714763263
4|2717389824|2717390335
4|2717395456|2717395967
4|2717406208|2717406719
4|2717408256|2717408767
4|2717412352|2717413887
4|2717419520|2717420031
4|2718184960|2718185471
4|2718205952|2718206463
4|2718214144|2718214655
4|2718221824|2718222335
4|2718222848|2718223359
4|2718230016|2718230527
4|2718826496|2718892031
4|2724790272|2724855807
4|2734686208|2734751743
4|2737767424|2737768447
4|2738159616|2738163711
4|2738168832|2738177023
4|2738182144|2738195455
4|2738200576|2738204671
4|2738207744|2738208767
4|2738221056|2738222079
4|2738699776|2738700287
4|2738712832|2738713087
4|2738729472|2738729983
4|2738735616|2738736127
4|2738738688|2738739199
4|2742878208|2742943743
4|2743082496|2743083007
4|2743113728|2743114239
4|2743135232|2743135743
4|2743139840|2743140351
4|2743992320|2744057855
4|2746286080|2746351615
4|2746417152|2746482687
4|2748055552|2748121087
4|2749307904|2749308415
4|2749308928|2749309439
4|2749332480|2749332991
4|2749345024|2749345279
4|2749346304|2749346815
4|2749356032|2749356543
4|2749357568|2749358079
4|2749571584|2749572095
4|2749573120|2749573631
4|2749581824|2749583871
4|2749628416|2749693951
4|2754871296|2754904063
4|2774729728|2774729983
4|2774739456|2774739967
4|2774860800|2774861311
4|2774876672|2774877183
4|2774877696|2774878207
4|2774891008|2774891519
4|2774896640|2774897151
4|2774903296|2774903807
4|2774913024|2774913535
4|2774922240|2774922751
4|2792292352|2792357887
4|2810904576|2810970111
4|2814181376|2814246911
4|2816275456|2816276479
4|2829058048|2829123583
4|2863857664|2863923199
4|2869428224|2869952511
4|2871132160|2872049663
4|2874146816|2875195391
4|2875719680|2877292543
4|2882535424|2883583999
4|2891038720|2891055103
4|2936012800|2937847807
4|2937978880|2938109951
4|2938765312|2938961919
4|2939027456|2942304255
4|2942697472|2942763007
4|2942992384|2943025151
4|2943324160|2943332351
4|2943334400|2943335423
4|2945581056|2946236415
4|2946392064|2946393087
4|2946498560|2947547135
4|2947587072|2947588095
4|2947592192|2947593215
4|2947595264|2947596287
4|2947678208|2947743743
4|2948104192|2948120575
4|2948136960|2948595711
4|3024879616|3025141759
4|3025403904|3025600511
4|3025666048|3025928191
4|3026073600|3026075647
4|3026083840|3026087935
4|3026089984|3026092031
4|3026157568|3028287487
4|3028385792|3028484095
4|3028811776|3029336063
4|3029602304|3029604351
4|3029637120|3029639167
4|3029653504|3029663743
4|3029696512|3029704703
4|3029770240|3029778431
4|3029860352|3031433215
4|3031592960|3031595007
4|3031613440|3031629823
4|3031957504|3032252415
4|3032323072|3032324095
4|3033070592|3033268223
4|3033530368|3033661439
4|3033715712|3033716735
4|3033718784|3033726975
4|3033792512|3033923583
4|3034505216|3034578943
4|3035168768|3035193343
4|3035205632|3035206655
4|3035316224|3035324415
4|3035328512|3035329535
4|3054538752|3054540799
4|3054551040|3054559231
4|3054632960|3054665727
4|3055007744|3055009791
4|3055011840|3055013887
4|3055550464|3056599039
4|3056623616|3056631807
4|3056664576|3056734207
4|3056758784|3056762879
4|3056795648|3056861183
4|3056992256|3057025023
4|3057054720|3057055743
4|3057451008|3057516543
4|3058696192|3059548159
4|3059744768|3063414783
4|3063742464|3063807999
4|3063955456|3063963647
4|3064856576|3064987647
4|3066560512|3067084799
4|3068952576|3068985343
4|3068991488|3068993535
4|3069050880|3069124607
4|3069181952|3069706239
4|3070099456|3070164991
4|3070180352|3070181375
4|3070230528|3074949119
4|3075383296|3075385343
4|3075388416|3075389439
4|3075582976|3075583999
4|3075585024|3075586047
4|3075735552|3075866623
4|3076227072|3076228095
4|3076229120|3076235263
4|3076259840|3076521983
4|3078619136|3081437183
4|3081502720|3081764863
4|3082158080|3082166271
4|3082289152|3087007743
4|3162734592|3162767359
4|3224611840|3224612351
4|3224615936|3224616191
4|3224841728|3224842239
4|3224847360|3224848383
4|3227962368|3227963391
4|3229391360|3229391615
4|3230433280|3230436351
4|3230440448|3230455807
4|3230695424|3230728191
4|3234164992|3234165247
4|3236438528|3236439039
4|3236441088|3236442111
4|3245342720|3245408255
4|3245801472|3245809663
4|3333383168|3333384191
4|3352574208|3352574463
4|3389023232|3389023743
4|3389028864|3389029375
4|3389042688|3389043711
4|3389227008|3389227519
4|3389292544|3389300735
4|3389324288|3389325311
4|3389378560|3389381631
4|3389392384|3389392895
4|3389407744|3389408255
4|3389409280|3389409791
4|3389413120|3389413887
4|3389414400|3389414911
4|3389417216|3389417471
4|3389418496|3389418751
4|3389419008|3389419519
4|3389420032|3389420287
4|3389435904|3389439999
4|3389442560|3389443071
4|3389521920|3389522175
4|3389522432|3389523455
4|3389524992|3389525247
4|3389528064|3389528319
4|3389541632|3389541887
4|3389554688|3389562879
4|3389571072|3389575167
4|3389595648|3389595903
4|3389596160|3389596671
4|3389599744|3389600255
4|3389600512|3389601535
4|3389602048|3389602815
4|3389669376|3389673471
4|3389681664|3389685759
4|3389784320|3389784831
4|3389788416|3389788927
4|3389802496|3389802751
4|3389805568|3389806079
4|3389808640|3389808895
4|3389809152|3389809663
4|3389811200|3389811455
4|3389812480|3389812735
4|3389813760|3389814015
4|3389931520|3389932031
4|3389932800|3389933055
4|3389933824|3389934847
4|3389935104|3389935615
4|3389937664|3389937919
4|3389939968|3389940223
4|3389941760|3389942271
4|3389942784|3389943295
4|3389943552|3389943807
4|3389944320|3389944831
4|3389945344|3389945855
4|3389946880|3389947391
4|3389947648|3389947903
4|3389948160|3389948415
4|3389949696|3389950207
4|3389953280|3389953535
4|3389953792|3389954047
4|3389955328|3389956095
4|3389958400|3389960447
4|3389962240|3389962751
4|3389968384|3389968895
4|3389969664|3389969919
4|3389971200|3389971711
4|3389971968|3389972479
4|3389972736|3389973503
4|3389974272|3389974527
4|3389975296|3389976575
4|3389978112|3389978367
4|3389979392|3389979647
4|3390325248|3390325503
4|3390328576|3390328831
4|3390330624|3390331647
4|3390332416|3390332927
4|3390337536|3390337791
4|3390338304|3390338559
4|3390339072|3390339327
4|3390340352|3390341119
4|3390386176|3390390271
4|3390407424|3390407935
4|3390409984|3390410495
4|3390411520|3390412031
4|3390412288|3390413567
4|3390413824|3390414079
4|3390502912|3390504959
4|3390770176|3390770431
4|3390770688|3390770943
4|3390801920|3390802431
4|3391414784|3391415039
4|3391488000|3391489023
4|3391490048|3391492095
4|3391500288|3391523327
4|3391523840|3391524863
4|3391525376|3391525887
4|3391526144|3391528191
4|3391528448|3391528959
4|3391529984|3391531775
4|3391533056|3391533567
4|3391535104|3391553535
4|3391620096|3391620607
4|3391620864|3391621119
4|3391622912|3391623167
4|3391653632|3391654143
4|3391654912|3391655167
4|3391655680|3391656447
4|3391657472|3391657727
4|3391658752|3391659263
4|3391659520|3391660031
4|3391660544|3391660799
4|3391686656|3391687167
4|3391687424|3391688191
4|3391717376|3391717631
4|3391717888|3391718399
4|3391723520|3391725567
4|3391733760|3391734015
4|3391734784|3391736831
4|3391746048|3391750143
4|3391835136|3391836159
4|3391852544|3391856639
4|3391885312|3391889407
4|3391893504|3391894527
4|3391898368|3391898623
4|3391900160|3391900415
4|3391906048|3391906303
4|3391914240|3391914495
4|3391915008|3391915519
4|3391918592|3391919103
4|3391946752|3391947519
4|3391950592|3391954943
4|3392016384|3392017151
4|3392017408|3392017919
4|3392020480|3392028671
4|3392045056|3392045311
4|3392069632|3392073727
4|3392098816|3392099327
4|3392102400|3392106495
4|3392110080|3392110335
4|3392110592|3392110847
4|3392111104|3392111615
4|3392413952|3392414463
4|3392417536|3392417791
4|3392442112|3392442367
4|3392506880|3392507135
4|3392507648|3392507903
4|3392782336|3392786431
4|3392787456|3392789503
4|3392794624|3392798975
4|3392825344|3392826367
4|3392827392|3392828415
4|3392829952|3392830463
4|3392864256|3392864767
4|3392918528|3392919551
4|3392924672|3392924927
4|3392925696|3392925951
4|3392942080|3392944127
4|3392954368|3392956415
4|3392958464|3392962559
4|3392963584|3392970751
4|3393012736|3393013759
4|3393014784|3393015807
4|3393017856|3393018879
4|3393026816|3393027071
4|3393027840|3393028095
4|3393089536|3393090559
4|3393124352|3393125631
4|3393126144|3393126399
4|3393146880|3393150975
4|3393167360|3393175551
4|3393189888|3393190911
4|3393191168|3393191423
4|3393257472|3393260031
4|3393282048|3393286143
4|3393366016|3393367039
4|3393388544|3393389567
4|3393520640|3393521663
4|3393523712|3393527807
4|3393585152|3393593343
4|3393609728|3393613823
4|3393634304|3393638399
4|3393658880|3393662975
4|3393726464|3393728511
4|3393736704|3393740799
4|3393744896|3393748991
4|3393814528|3393815551
4|3393843200|3393847295
4|3393849344|3393851391
4|3393856512|3393856767
4|3393858048|3393858303
4|3393860608|3393860863
4|3393867776|3393871871
4|3393912320|3393912831
4|3393966080|3393970175
4|3393977344|3393978367
4|3394042880|3394043903
4|3394064384|3394066431
4|3394067456|3394068479
4|3394111488|3394113535
4|3394232320|3394234367
4|3394238464|3394239487
4|3394289664|3394293759
4|3394306048|3394307071
4|3394351104|3394355199
4|3394501632|3394507263
4|3394508288|3394508543
4|3394508800|3394510847
4|3394621440|3394625535
4|3394697472|3394697727
4|3394698240|3394699263
4|3394719744|3394723839
4|3394772992|3394774015
4|3394832384|3394834431
4|3394854912|3394855935
4|3394857984|3394859007
4|3394860800|3394861055
4|3394889728|3394891775
4|3394899968|3394904063
4|3394905344|3394905599
4|3394920448|3394928639
4|3394945280|3394945535
4|3394946048|3394946303
4|3394948352|3394948607
4|3394953216|3394957311
4|3394961408|3394962431
4|3394985984|3394990079
4|3395006464|3395010559
4|3395018752|3395026943
4|3395028992|3395031039
4|3395039232|3395043327
4|3395091456|3395092479
4|3395156992|3395158015
4|3395176960|3395177215
4|3395178752|3395179007
4|3395181568|3395182591
4|3395284992|3395287039
4|3395289088|3396995071
4|3397001216|3397003263
4|3397009408|3397017599
4|3397021696|3397025791
4|3397026816|3397027071
4|3397083136|3397087231
4|3397088256|3397090303
4|3397128192|3397131263
4|3397217024|3397217279
4|3397217536|3397217791
4|3397218304|3397222399
4|3397234688|3397238783
4|3397320704|3397322751
4|3397323776|3397328895
4|3397330944|3397337087
4|3397349376|3397361663
4|3397369856|3397373951
4|3397374976|3397386239
4|3397505024|3397505279
4|3397517312|3397525503
4|3397527296|3397527551
4|3397574656|3397582847
4|3397586944|3397588991
4|3397595136|3397599231
4|3397636096|3397640191
4|3397722112|3397726207
4|3397794304|3397794559
4|3397812224|3397816319
4|3397832704|3397836799
4|3397922816|3397926911
4|3397928960|3397929471
4|3397931008|3397931519
4|3397963776|3397971967
4|3397974016|3397975039
4|3398035200|3398035455
4|3398208512|3398213631
4|3398279168|3398287359
4|3398307840|3398311935
4|3398370304|3398371327
4|3398373376|3398381567
4|3398383616|3398385663
4|3398394880|3398396927
4|3398484992|3398486015
4|3398606848|3398610943
4|3398612992|3398613759
4|3398614016|3398615039
4|3398616064|3398619135
4|3398668288|3398672383
4|3398705152|3398709247
4|3398713344|3398729727
4|3398770688|3398778879
4|3398803456|3398811647
4|3398819840|3398828031
4|3398832128|3398840319
4|3398842368|3398843391
4|3398877184|3398881279
4|3398885376|3398894591
4|3398902016|3398902271
4|3398926336|3398934527
4|3399004160|3399008255
4|3399024640|3399025663
4|3399026432|3399026687
4|3399036928|3399041023
4|3399335936|3399344127
4|3399393280|3399401471
4|3399414272|3399414527
4|3399519232|3399520255
4|3399523328|3399524351
4|3399528448|3399532543
4|3399631616|3399631871
4|3399633664|3399633919
4|3399745536|3399749631
4|3399770112|3399778303
4|3399856128|3399860223
4|3399864320|3399868415
4|3399872256|3399873023
4|3399873280|3399873535
4|3399873792|3399874047
4|3399875328|3399876607
4|3399933952|3399942143
4|3400028160|3400029183
4|3400040448|3400044543
4|3400048640|3400056831
4|3400171520|3400179711
4|3400194048|3400204287
4|3400259584|3400261631
4|3400263680|3400263935
4|3400264448|3400264703
4|3400269824|3400270847
4|3400271616|3400271871
4|3400335360|3400336383
4|3400336896|3400337151
4|3400337408|3400339455
4|3400364032|3400365055
4|3400392704|3400400895
4|3400417280|3400421375
4|3400432640|3400433663
4|3400589312|3400597503
4|3400769536|3400773631
4|3400790016|3400794111
4|3400826880|3400835071
4|3400847360|3400849407
4|3400861696|3400862719
4|3400866816|3400867839
4|3400888320|3400892415
4|3400933376|3400937471
4|3400974336|3400982527
4|3401383936|3401400319
4|3401404416|3401408511
4|3401431040|3401433087
4|3401515008|3401515263
4|3401532416|3401539583
4|3401580544|3402629119
4|3405775872|3405776895
4|3405777408|3405777919
4|3405779456|3405779711
4|3405780992|3405781247
4|3405785600|3405786111
4|3405786368|3405787135
4|3405795584|3405796351
4|3405797888|3405798399
4|3405799424|3405799935
4|3405801472|3405803519
4|3405804032|3405804543
4|3405806080|3405806335
4|3405807616|3405807871
4|3405808128|3405809663
4|3405809920|3405810175
4|3405811200|3405811455
4|3405811712|3405811967
4|3405812224|3405812479
4|3405812736|3405812991
4|3405813248|3405814015
4|3405820160|3405820415
4|3405832192|3405832447
4|3405841408|3405842431
4|3405844992|3405845247
4|3405847040|3405847551
4|3405857024|3405857791
4|3405858304|3405858815
4|3405859840|3405860351
4|3405863424|3405863679
4|3405865216|3405867007
4|3405868032|3405868287
4|3405905152|3405905663
4|3405922304|3405924351
4|3405924608|3405924863
4|3405934592|3405936639
4|3405938176|3405938687
4|3405941760|3405942015
4|3405944320|3405944575
4|3405944832|3405946367
4|3405946880|3405948927
4|3405952000|3405952511
4|3405956096|3405956607
4|3405959424|3405959679
4|3405960704|3405961215
4|3405963776|3405964287
4|3405964544|3405964799
4|3405966336|3405966847
4|3405988864|3405989119
4|3405989888|3405990399
4|3405990656|3405990911
4|3405991936|3405993983
4|3405996032|3405997055
4|3405998336|3405998591
4|3406000128|3406002431
4|3406002944|3406003199
4|3406006016|3406006271
4|3406007040|3406007295
4|3406008064|3406008319
4|3406070784|3406071551
4|3406075648|3406076927
4|3406081536|3406082047
4|3406083072|3406083327
4|3406084608|3406084863
4|3406089472|3406089727
4|3406090240|3406091263
4|3406095104|3406095359
4|3406095872|3406096383
4|3406103552|3406104063
4|3406104320|3406105087
4|3406105344|3406105599
4|3406107904|3406108415
4|3406113792|3406114047
4|3406114304|3406114815
4|3406115840|3406117375
4|3406117888|3406118399
4|3406131712|3406132223
4|3406132736|3406132991
4|3406133248|3406133503
4|3406146560|3406146815
4|3406148608|3406149375
4|3406149888|3406150399
4|3406150656|3406151423
4|3406152448|3406152703
4|3406157312|3406157823
4|3406158336|3406158847
4|3406201600|3406201855
4|3406202880|3406203135
4|3406203392|3406203903
4|3406204416|3406204671
4|3406206464|3406206975
4|3406208256|3406208511
4|3406208768|3406209023
4|3406225408|3406229503
4|3406231552|3406232063
4|3406266624|3406266879
4|3406268928|3406269439
4|3406271232|3406271487
4|3406272000|3406272511
4|3406274048|3406274303
4|3406282752|3406283263
4|3406284800|3406285055
4|3406299136|3406299391
4|3406301184|3406301439
4|3406305024|3406305279
4|3406317056|3406317311
4|3406320128|3406320383
4|3406321152|3406321663
4|3406322432|3406322687
4|3406327296|3406327807
4|3406328576|3406328831
4|3406341632|3406342143
4|3406342400|3406342655
4|3406343424|3406343679
4|3406346240|3406346495
4|3406346752|3406347263
4|3406347776|3406348543
4|3406349568|3406350335
4|3406351104|3406351359
4|3406352640|3406354431
4|3406354688|3406354943
4|3406355456|3406355711
4|3406372864|3406373119
4|3406373888|3406374399
4|3406379264|3406379519
4|3406380800|3406381055
4|3406381312|3406381567
4|3406382592|3406383359
4|3406383872|3406384639
4|3406389248|3406390783
4|3406392320|3406392575
4|3406405120|3406405375
4|3406438912|3406439167
4|3406444544|3406444799
4|3406449152|3406449663
4|3406451712|3406452991
4|3406454528|3406454783
4|3406462208|3406462463
4|3406513664|3406513919
4|3406515200|3406516223
4|3406516736|3406516991
4|3406517248|3406518271
4|3406521344|3406522367
4|3406523648|3406523903
4|3406525696|3406525951
4|3406526976|3406527231
4|3406528000|3406528255
4|3406530560|3406531583
4|3406531840|3406532607
4|3406541824|3406542847
4|3406548992|3406550015
4|3406565376|3406565631
4|3406566144|3406566399
4|3406567424|3406567679
4|3406575872|3406576127
4|3406577920|3406578431
4|3406579200|3406579711
4|3406583552|3406583807
4|3406586880|3406587391
4|3406587648|3406587903
4|3406590464|3406590719
4|3406591488|3406591743
4|3406594560|3406594815
4|3406596352|3406596607
4|3406611456|3406612479
4|3406615296|3406615551
4|3406617344|3406617599
4|3406619136|3406619391
4|3406622720|3406623743
4|3406631424|3406631679
4|3406632960|3406633215
4|3406638080|3406638591
4|3406649344|3406649855
4|3406650368|3406651391
4|3406671104|3406671359
4|3406684160|3406684671
4|3406684928|3406685183
4|3406686464|3406686719
4|3406698496|3406699519
4|3406700800|3406701055
4|3406706688|3406706943
4|3406707968|3406708479
4|3406718976|3406719231
4|3406721536|3406722047
4|3406722560|3406722815
4|3406733824|3406734079
4|3406741504|3406741759
4|3406742016|3406742527
4|3406747136|3406747391
4|3406751488|3406751743
4|3406755328|3406755583
4|3406757888|3406761983
4|3406763008|3406763775
4|3406780160|3406780927
4|3406784768|3406785023
4|3406786560|3406788607
4|3406791168|3406791679
4|3406796032|3406796287
4|3406796544|3406796799
4|3406797824|3406798847
4|3406802432|3406802687
4|3406816000|3406816255
4|3406817280|3406819839
4|3406820864|3406821119
4|3406825984|3406826239
4|3406826496|3406827007
4|3406827520|3406829567
4|3406830336|3406830591
4|3406833152|3406833407
4|3406835968|3406836735
4|3406838272|3406838527
4|3406839552|3406839807
4|3406857472|3406857727
4|3406864640|3406865151
4|3406871040|3406871551
4|3406881792|3406882047
4|3406884352|3406884607
4|3406884864|3406885119
4|3406886144|3406886399
4|3406889472|3406889727
4|3406893568|3406893823
4|3406896128|3406896383
4|3406898944|3406899199
4|3406903296|3406903551
4|3406907904|3406908415
4|3406911488|3406911999
4|3406923776|3406924031
4|3406930944|3406931199
4|3406936832|3406937087
4|3406937600|3406938111
4|3406948096|3406948351
4|3406948608|3406948863
4|3406952448|3406952959
4|3406954240|3406954495
4|3406955008|3406955775
4|3406956288|3406956543
4|3406962432|3406962687
4|3406963968|3406964223
4|3406966784|3406967295
4|3406967808|3406968063
4|3406972928|3406973951
4|3406974976|3406975487
4|3406976768|3406977023
4|3406980096|3406980607
4|3406981376|3406981631
4|3406981888|3406982143
4|3406982656|3406982911
4|3406987520|3406987775
4|3406988032|3406988799
4|3406991360|3406991615
4|3406993664|3406993919
4|3407005440|3407005695
4|3407007744|3407007999
4|3407008512|3407008767
4|3407009536|3407009791
4|3407020288|3407020543
4|3407024640|3407024895
4|3407026176|3407026431
4|3407027712|3407027967
4|3407028224|3407030271
4|3407030528|3407030783
4|3407031296|3407032063
4|3407034880|3407035135
4|3407035392|3407035903
4|3407036416|3407036671
4|3407037440|3407037695
4|3407038464|3407038719
4|3407045888|3407046143
4|3407048448|3407048703
4|3407053568|3407053823
4|3407054080|3407054335
4|3407056896|3407057151
4|3407057664|3407057919
4|3407058176|3407058431
4|3407059968|3407060223
4|3407065088|3407065343
4|3407065600|3407066111
4|3407073280|3407073535
4|3407078400|3407079423
4|3407079680|3407079935
4|3407081984|3407082239
4|3407083520|3407084031
4|3407085312|3407085567
4|3407089920|3407090175
4|3407095808|3407096319
4|3407096832|3407097087
4|3407097856|3407098111
4|3407101184|3407101439
4|3407102208|3407102463
4|3407107072|3407107583
4|3407108352|3407108607
4|3407112704|3407113215
4|3407115008|3407115263
4|3407115520|3407116287
4|3407116800|3407117055
4|3407117824|3407118335
4|3407120128|3407122431
4|3407123968|3407124223
4|3407144448|3407144703
4|3407144960|3407145215
4|3407145984|3407146239
4|3407151104|3407151871
4|3407153152|3407153407
4|3407153664|3407153919
4|3407155712|3407155967
4|3407159552|3407160063
4|3407161600|3407161855
4|3407162368|3407162623
4|3407168512|3407168767
4|3407172096|3407172351
4|3407175680|3407176703
4|3407182848|3407183103
4|3407185920|3407186431
4|3407188224|3407188479
4|3407203840|3407204095
4|3407222784|3407223039
4|3407223808|3407224319
4|3407224576|3407224831
4|3407234048|3407234303
4|3407236096|3407236351
4|3407236608|3407236863
4|3407238144|3407238399
4|3407238912|3407239167
4|3407240192|3407241215
4|3407241984|3407242239
4|3407243776|3407244031
4|3407247872|3407248383
4|3407250176|3407250431
4|3407258368|3407258623
4|3407259136|3407259391
4|3407260160|3407260415
4|3407261696|3407263743
4|3407266304|3407266559
4|3407278592|3407279103
4|3407279360|3407279871
4|3407281152|3407281663
4|3407282176|3407282431
4|3407294208|3407294463
4|3407297792|3407298559
4|3407300864|3407301119
4|3407303936|3407304191
4|3407305728|3407306751
4|3407307264|3407307519
4|3407309568|3407309823
4|3407310848|3407311103
4|3407315456|3407315711
4|3407318016|3407318527
4|3407326208|3407326463
4|3407328768|3407329023
4|3407329792|3407330303
4|3407331328|3407331583
4|3407332608|3407333119
4|3407334400|3407335423
4|3407339520|3407339775
4|3407340032|3407341567
4|3407345920|3407346175
4|3407346432|3407346687
4|3407351040|3407351295
4|3407352320|3407352575
4|3407354624|3407354879
4|3407358720|3407358975
4|3407362048|3407362303
4|3407362560|3407362815
4|3407364864|3407365119
4|3407366656|3407366911
4|3407367936|3407368703
4|3407369216|3407369983
4|3407370752|3407371007
4|3407376128|3407376639
4|3407377408|3407377663
4|3407378944|3407379455
4|3407384832|3407385087
4|3407386624|3407387135
4|3407387904|3407388159
4|3407388928|3407389183
4|3407390464|3407390719
4|3407395328|3407395839
4|3407398656|3407398911
4|3407399424|3407399679
4|3407401984|3407402495
4|3407403264|3407403519
4|3407403776|3407404031
4|3407410176|3407410431
4|3407418112|3407418879
4|3407425024|3407425279
4|3407425536|3407427583
4|3407429632|3407430143
4|3407436544|3407436799
4|3407438592|3407439103
4|3407440384|3407440639
4|3407446784|3407447039
4|3407447808|3407448063
4|3407448576|3407448831
4|3407450880|3407451135
4|3407452416|3407453183
4|3407455232|3407455487
4|3407455744|3407455999
4|3407457792|3407458303
4|3407459328|3407459583
4|3407459840|3407460095
4|3407462144|3407462399
4|3407464192|3407464703
4|3407464960|3407465471
4|3407466496|3407470591
4|3407471872|3407472127
4|3407473408|3407473919
4|3407475200|3407475455
4|3407481856|3407482111
4|3407487488|3407487743
4|3407491328|3407491839
4|3407492864|3407493631
4|3407494144|3407494399
4|3407495424|3407495679
4|3407496192|3407496447
4|3407498240|3407498495
4|3407499264|3407499519
4|3407500288|3407500543
4|3407503616|3407503871
4|3407504896|3407505407
4|3407508224|3407508735
4|3407511808|3407512063
4|3407515392|3407515903
4|3407516672|3407517183
4|3407518208|3407518463
4|3407519232|3407519743
4|3407522304|3407522559
4|3407523072|3407523327
4|3407523840|3407524095
4|3407526144|3407526399
4|3407530496|3407531007
4|3407532544|3407532799
4|3407533568|3407533823
4|3407535616|3407535871
4|3407536128|3407536383
4|3407537152|3407537407
4|3407538176|3407538431
4|3407544320|3407544575
4|3407546880|3407547135
4|3407548160|3407548671
4|3407549440|3407549695
4|3407549952|3407550463
4|3407554560|3407554815
4|3407555840|3407556095
4|3407557888|3407558143
4|3407560960|3407561471
4|3407565056|3407565311
4|3407566848|3407567103
4|3407570432|3407570687
4|3407572224|3407572479
4|3407574272|3407574527
4|3407575296|3407576063
4|3407576320|3407576575
4|3407595520|3407595775
4|3407596032|3407596287
4|3407603968|3407604223
4|3407606016|3407606271
4|3407608320|3407608575
4|3407612416|3407612671
4|3407612928|3407613183
4|3407618304|3407619071
4|3407620864|3407621375
4|3407623680|3407623935
4|3407624192|3407624447
4|3407628544|3407629055
4|3407629312|3407629567
4|3407631872|3407632127
4|3407632384|3407632639
4|3407638528|3407638783
4|3407643392|3407643647
4|3407644672|3407644927
4|3407645696|3407645951
4|3407646976|3407647231
4|3407652096|3407652351
4|3407653120|3407653631
4|3407655424|3407655935
4|3407657216|3407657471
4|3407657728|3407657983
4|3407660032|3407660287
4|3407667712|3407668223
4|3407671040|3407671295
4|3407675904|3407676159
4|3407677440|3407677951
4|3407678720|3407679231
4|3407682560|3407682815
4|3407687168|3407687423
4|3407689984|3407690239
4|3407691008|3407691263
4|3407691520|3407691775
4|3407693056|3407693311
4|3407694080|3407694335
4|3407696128|3407696383
4|3407698432|3407698687
4|3407699712|3407699967
4|3407700992|3407701247
4|3407701760|3407702015
4|3407704064|3407704319
4|3407706112|3407707135
4|3407721984|3407722495
4|3407723264|3407723519
4|3407723776|3407724287
4|3407727872|3407728127
4|3407729152|3407729407
4|3407730944|3407731199
4|3407733504|3407733759
4|3407734528|3407734783
4|3407735040|3407735551
4|3407738880|3407739135
4|3407740416|3407740927
4|3407745024|3407745535
4|3407747328|3407747583
4|3407747840|3407748095
4|3407748352|3407748607
4|3407757824|3407758079
4|3407761664|3407761919
4|3407763200|3407763455
4|3407769344|3407769599
4|3407771904|3407772159
4|3407772416|3407772671
4|3407779840|3407780095
4|3407780864|3407781119
4|3407782400|3407782655
4|3407785216|3407785471
4|3407785728|3407785983
4|3407788800|3407789055
4|3407790592|3407790847
4|3407796480|3407796735
4|3407797248|3407797503
4|3407797760|3407798015
4|3407800320|3407800831
4|3407801088|3407801343
4|3407802368|3407802879
4|3407803904|3407804159
4|3407804928|3407805439
4|3407817984|3407818495
4|3407819008|3407819263
4|3407819520|3407819775
4|3407820288|3407820799
4|3407824128|3407824383
4|3407824896|3407825151
4|3407826944|3407827199
4|3407828224|3407828479
4|3407831296|3407831551
4|3407833344|3407833855
4|3407834112|3407834623
4|3407838208|3407838463
4|3407847936|3407848191
4|3407851008|3407851263
4|3407851776|3407852031
4|3407852800|3407853055
4|3407854336|3407854591
4|3407854848|3407855103
4|3407858688|3407858943
4|3407862784|3407863039
4|3407863296|3407863807
4|3407864064|3407864319
4|3407865088|3407865343
4|3407869952|3407870463
4|3407871232|3407871487
4|3407877120|3407877375
4|3407884288|3407884799
4|3407886336|3407886591
4|3407887360|3407887615
4|3407887872|3407888127
4|3407889408|3407889919
4|3407891456|3407891711
4|3407892736|3407892991
4|3407893504|3407894015
4|3407896320|3407896575
4|3407898112|3407898367
4|3407898880|3407899135
4|3407905280|3407905535
4|3407906048|3407906303
4|3407907840|3407908095
4|3407910912|3407911167
4|3407919616|3407920127
4|3407921152|3407921407
4|3407922176|3407922431
4|3407923968|3407924735
4|3407926272|3407926527
4|3407938560|3407938815
4|3407939328|3407941631
4|3407942912|3407943167
4|3407944192|3407944447
4|3407945728|3407945983
4|3407953664|3407954175
4|3407954688|3407955199
4|3407956224|3407956479
4|3407957760|3407958015
4|3407963136|3407963391
4|3407968768|3407969023
4|3407970560|3407970815
4|3407971072|3407971327
4|3407974656|3407974911
4|3407977472|3407977727
4|3407977984|3407978495
4|3407982080|3407982335
4|3407984896|3407985151
4|3407988736|3407988991
4|3407989248|3407990015
4|3407990272|3407990783
4|3407992320|3407992831
4|3407994880|3407995647
4|3407997184|3407997439
4|3407999744|3407999999
4|3408001536|3408001791
4|3408004096|3408004351
4|3408008448|3408008703
4|3408009984|3408010239
4|3408013056|3408013311
4|3408015360|3408015871
4|3408016896|3408017151
4|3408017408|3408017919
4|3408020224|3408020479
4|3408020736|3408020991
4|3408022528|3408022783
4|3408026624|3408026879
4|3408030208|3408030463
4|3408032000|3408032255
4|3408040704|3408040959
4|3408041472|3408041727
4|3408041984|3408042495
4|3408044288|3408044799
4|3408050944|3408051199
4|3408052224|3408054271
4|3408055296|3408056319
4|3408062464|3408062719
4|3408064512|3408064767
4|3408065024|3408065279
4|3408065792|3408066047
4|3408067328|3408067583
4|3409379840|3409380607
4|3409381888|3409382143
4|3409382656|3409382911
4|3409384960|3409385215
4|3409387008|3409387263
4|3409403136|3409403391
4|3409405184|3409405439
4|3409407232|3409407743
4|3409409024|3409409535
4|3409409792|3409410047
4|3409412096|3409412607
4|3409416704|3409417215
4|3409428480|3409428735
4|3409429504|3409429759
4|3409435136|3409435647
4|3409435904|3409436159
4|3409436672|3409436927
4|3409445120|3409445375
4|3409445888|3409446143
4|3409447936|3409448191
4|3409451008|3409451263
4|3409454592|3409454847
4|3409455104|3409455359
4|3409456640|3409456895
4|3409457152|3409459199
4|3409462272|3409462783
4|3409465856|3409466879
4|3409469184|3409469439
4|3409473024|3409473279
4|3409475840|3409476095
4|3409486080|3409486335
4|3409488128|3409488383
4|3409488896|3409489407
4|3409489664|3409489919
4|3409491712|3409491967
4|3409492224|3409492479
4|3409492736|3409492991
4|3409494016|3409494271
4|3409495552|3409495807
4|3409496320|3409496575
4|3409498112|3409498879
4|3409499648|3409499903
4|3409500160|3409500415
4|3409502976|3409503487
4|3409504000|3409504511
4|3409506304|3409506559
4|3409509376|3409509631
4|3409509888|3409510143
4|3409511680|3409512191
4|3409513472|3409513983
4|3409517568|3409517823
4|3409520384|3409520639
4|3409522176|3409522431
4|3409525248|3409525503
4|3409526016|3409526271
4|3409527296|3409527551
4|3409528064|3409528831
4|3409529088|3409529343
4|3409533440|3409533695
4|3409536256|3409536511
4|3409538304|3409538559
4|3409541888|3409542143
4|3409550592|3409550847
4|3409561600|3409561855
4|3409562112|3409562367
4|3409563136|3409563391
4|3409567232|3409567487
4|3409567744|3409571839
4|3409573376|3409573887
4|3409574144|3409574399
4|3409575168|3409575935
4|3409838592|3409838847
4|3409871616|3409871871
4|3409873664|3409873919
4|3409879296|3409879551
4|3409888512|3409888767
4|3409896448|3409897471
4|3409897984|3409898239
4|3409901056|3409901311
4|3410796544|3410797567
4|3410798592|3410799615
4|3410808832|3410811903
4|3410817024|3410819071
4|3410867200|3410868223
4|3410898944|3410903039
4|3410926592|3410927615
4|3410952192|3410956287
4|3410960384|3410964479
4|3411018752|3411019263
4|3411025920|3411030015
4|3411032320|3411032575
4|3411050752|3411051007
4|3411051520|3411058687
4|3411083264|3411085311
4|3411087360|3411091455
4|3411145728|3411146751
4|3411148800|3411149311
4|3411152896|3411154943
4|3411177472|3411181567
4|3411206144|3411210239
4|3411214336|3411215359
4|3411216384|3411218431
4|3411228672|3411230719
4|3411271680|3411275775
4|3411410944|3411443711
4|3411474944|3411475199
4|3411475968|3411476479
4|3411550208|3411558399
4|3411591168|3411599359
4|3411609600|3411611647
4|3411633152|3411634175
4|3411641600|3411641855
4|3411642368|3411643391
4|3411644416|3411644671
4|3411675136|3411677183
4|3411705856|3411730431
4|3411746816|3411755007
4|3411763200|3411767295
4|3411769344|3411771391
4|3411804160|3411805183
4|3411805696|3411805951
4|3411845120|3411853311
4|3411869696|3411943423
4|3412000768|3412002815
4|3412025344|3412049919
4|3412051968|3412055039
4|3412058112|3412066303
4|3412264960|3412271103
4|3412283392|3412287487
4|3412336640|3412342783
4|3412343296|3412343551
4|3412343808|3412344063
4|3412344576|3412344831
4|3412348928|3412361215
4|3412377600|3412381695
4|3412598784|3412602879
4|3412680704|3412697087
4|3412787200|3412819967
4|3413024768|3413032959
4|3413037056|3413041151
4|3413043200|3413043967
4|3413266432|3413270527
4|3413308416|3413309439
4|3413557248|3413565439
4|3413569792|3413570047
4|3413571584|3413572607
4|3413579776|3413582847
4|3413594112|3413595135
4|3413595392|3413595647
4|3413602560|3413639167
4|3413850624|3413850879
4|3414171648|3414179839
4|3414188032|3414196223
4|3414220800|3414222847
4|3414231040|3414233087
4|3414302720|3414310911
4|3414433792|3414441983
4|3414618112|3414620159
4|3414646784|3414654975
4|3414663168|3414667263
4|3415137024|3415137279
4|3415138304|3415146495
4|3415236608|3415244799
4|3415277568|3415285759
4|3415474176|3415495679
4|3415496192|3415496703
4|3415563264|3415564287
4|3415752704|3415760895
4|3415769088|3415777279
4|3415801856|3415802879
4|3416047616|3416063999
4|3416133632|3416135679
4|3416273920|3416274943
4|3416287232|3416289279
4|3416293632|3416293887
4|3416309760|3416317951
4|3416326144|3416327167
4|3416372992|3416373247
4|3416375296|3416383487
4|3416694784|3416702975
4|3416726528|3416727551
4|3416784896|3416793087
4|3416930816|3416931327
4|3416981504|3416982527
4|3417034752|3417035007
4|3417038848|3417042943
4|3417179136|3417179391
4|3417179648|3417180159
4|3417202688|3417210879
4|3417276416|3417284607
4|3417292800|3417333759
4|3417352192|3417354239
4|3417853952|3417858047
4|3417947392|3417947647
4|3418071040|3418079231
4|3418161152|3418161663
4|3418162688|3418163199
4|3418189824|3418190847
4|3418210304|3418218495
4|3418222592|3418223615
4|3418251264|3418255359
4|3418290432|3418290687
4|3418292224|3418292991
4|3418293504|3418293759
4|3418294016|3418294271
4|3418296320|3418300415
4|3418308608|3418324991
4|3418326272|3418326527
4|3418329088|3418333183
4|3418357760|3418365951
4|3418480640|3418488831
4|3418519552|3418521599
4|3418570752|3418578943
4|3418583040|3418585087
4|3418587136|3418623999
4|3418627072|3418628095
4|3418993920|3418994431
4|3419073536|3419074559
4|3419226112|3419234303
4|3419242496|3419275263
4|3419357184|3419406335
4|3419414528|3419422719
4|3419529216|3419537407
4|3419668480|3419672575
4|3419688960|3419693055
4|3419924480|3419926527
4|3420038144|3420039167
4|3420393472|3420395519
4|3426008832|3426009087
4|3523346432|3523354623
4|3523543040|3523551231
4|3523557376|3523559423
4|3523575808|3523583999
4|3523688448|3523690495
4|3524001792|3524132863
4|3524149248|3524157439
4|3524161536|3524247551
4|3524290560|3524291583
4|3524296704|3524313087
4|3524591616|3524722687
4|3524730880|3524739071
4|3524853760|3526361087
4|3526557696|3526754303
4|3526934528|3526942719
4|3527933952|3528392703
4|3528409088|3528425471
4|3528450048|3528458239
4|3528589312|3528720383
4|3528935424|3528935935
4|3528946176|3528946687
4|3528949760|3528966143
4|3535388672|3535405055
4|3535822848|3535831039
4|3544186880|3544711167
4|3545235456|3546808319
4|3548905472|3551002623
4|3560964096|3560996863
4|3565256704|3565289471
4|3657433088|3659530239
4|3661103104|3663986687
4|3664009216|3664052223
4|3664248832|3664642047
4|3669606400|3669614591
4|3669618688|3669620735
4|3670016000|3671064575
4|3673161728|3673686015
4|3673751552|3673817087
4|3678928896|3678994431
4|3679584256|3679649791
4|3679682560|3679715327
4|3680125952|3680129023
4|3682598912|3684696063
4|3688366080|3689938943
4|3690070016|3690463231
4|3697655808|3697672191
4|3698327552|3698589695
4|3700981760|3701014527
4|3701080064|3701211135
4|3701403648|3701404671
4|3701473280|3704619007
4|3706126336|3706142719
4|3706159104|3706191871
4|3706208256|3706224639
4|3706322944|3706388479
4|3706847232|3706978303
4|3707209728|3707211775
4|3707240448|3707568127
4|3707764736|3708600319
4|3708616704|3708813311
4|3715760128|3715891199
4|3716186112|3716415487
4|3716538368|3716546559
4|3716677632|3716808703
4|3719036928|3719823359
4|3720347648|3720859647
4|3720863744|3723493375
4|3725590528|3730833407
4|3732733952|3732799487
4|3732832256|3732865023
4|3732930560|3733979135
4|3735027712|3735289855
4|3735552000|3739222015
4|3740270592|3740925951
4|3741319168|3742367743
4|3742629888|3742760959
4|3743135744|3743136767
4|3743272960|3743273983
4|3743284224|3743285247
4|3745513472|3749052415
4|3749216256|3749249023
4|3749281792|3749314559
4|3749433344|3749838847
4|3750756352|3752067071
4|3752198144|3752329215
4|3753902080|3754033151
4|3754295296|3754426367
4|3754491904|3754688511
4|3754950656|3755474943
4|3755737088|3755868159
4|3755978752|3755986943
4|3757047808|3757834239
4|3757867008|3757899775
4|3757965312|3758063615
4|3758091264|3758092287
4|3758095360|3758095871
6|20010250000000000000000000000000|20010256ffffffffffffffffffffffff
6|200107fa000500000000000000000000|200107fa0005ffffffffffffffffffff
6|200107fa001000000000000000000000|200107fa0010ffffffffffffffffffff
6|20010c68000000000000000000000000|20010c68ffffffffffffffffffffffff
6|20010cc0000000000000000000000000|20010cc0ffffffffffffffffffffffff
6|20010da8000000000000000000000000|20010daaffffffffffffffffffffffff
6|20010dc7000000000000000000000000|20010dc7ffffffffffffffffffffffff
6|20010dd8000100000000000000000000|20010dd80001ffffffffffffffffffff
6|20010dd8000500000000000000000000|20010dd80005ffffffffffffffffffff
6|20010dd8001a00000000000000000000|20010dd8001affffffffffffffffffff
6|20010dd9000000000000000000000000|20010dd90000ffffffffffffffffffff
6|20010df0042300000000000000000000|20010df00423ffffffffffffffffffff
6|20010df009c000000000000000000000|20010df009c0ffffffffffffffffffff
6|20010df01bc000000000000000000000|20010df01bc0ffffffffffffffffffff
6|20010df025c000000000000000000000|20010df025c0ffffffffffffffffffff
6|20010df02e0000000000000000000000|20010df02e00ffffffffffffffffffff
6|20010df02e8000000000000000000000|20010df02e80ffffffffffffffffffff
6|20010df059c000000000000000000000|20010df059c0ffffffffffffffffffff
6|20010df085c000000000000000000000|20010df085c0ffffffffffffffffffff
6|20010df09d4000000000000000000000|20010df09d40ffffffffffffffffffff
6|20010df0ac4000000000000000000000|20010df0ac40ffffffffffffffffffff
6|20010df0bf8000000000000000000000|20010df0bf80ffffffffffffffffffff
6|20010df0d88000000000000000000000|20010df0d880ffffffffffffffffffff
6|20010df0f8c000000000000000000000|20010df0f8c0ffffffffffffffffffff
6|20010df10c8000000000000000000000|20010df10c80ffffffffffffffffffff
6|20010df12b4000000000000000000000|20010df12b40ffffffffffffffffffff
6|20010df1458000000000000000000000|20010df14580ffffffffffffffffffff
6|20010df1528000000000000000000000|20010df15280ffffffffffffffffffff
6|20010df15b8000000000000000000000|20010df15b80ffffffffffffffffffff
6|20010df15fc000000000000000000000|20010df15fc0ffffffffffffffffffff
6|20010df1618000000000000000000000|20010df16180ffffffffffffffffffff
6|20010df161c000000000000000000000|20010df161c0ffffffffffffffffffff
6|20010df1a10000000000000000000000|20010df1a100ffffffffffffffffffff
6|20010df1d18000000000000000000000|20010df1d180ffffffffffffffffffff
6|20010df1da0000000000000000000000|20010df1da00ffffffffffffffffffff
6|20010df1f48000000000000000000000|20010df1f480ffffffffffffffffffff
6|20010df2578000000000000000000000|20010df25780ffffffffffffffffffff
6|20010df28bc000000000000000000000|20010df28bc0ffffffffffffffffffff
6|20010df2a58000000000000000000000|20010df2a580ffffffffffffffffffff
6|20010df2c24000000000000000000000|20010df2c240ffffffffffffffffffff
6|20010df2d4c000000000000000000000|20010df2d4c0ffffffffffffffffffff
6|20010df315c000000000000000000000|20010df315c0ffffffffffffffffffff
6|20010df33a8000000000000000000000|20010df33a80ffffffffffffffffffff
6|20010df3744000000000000000000000|20010df37440ffffffffffffffffffff
6|20010df39a4000000000000000000000|20010df39a40ffffffffffffffffffff
6|20010df3a68000000000000000000000|20010df3a680ffffffffffffffffffff
6|20010df3c68000000000000000000000|20010df3c680ffffffffffffffffffff
6|20010df3d0c000000000000000000000|20010df3d0c0ffffffffffffffffffff
6|20010df3ef8000000000000000000000|20010df3ef80ffffffffffffffffffff
6|20010df40d8000000000000000000000|20010df40d80ffffffffffffffffffff
6|20010df4188000000000000000000000|20010df41880ffffffffffffffffffff
6|20010df4278000000000000000000000|20010df42780ffffffffffffffffffff
6|20010df42e8000000000000000000000|20010df42e80ffffffffffffffffffff
6|20010df43d8000000000000000000000|20010df43d80ffffffffffffffffffff
6|20010df44b8000000000000000000000|20010df44b80ffffffffffffffffffff
6|20010df44d8000000000000000000000|20010df44d80ffffffffffffffffffff
6|20010df4a1c000000000000000000000|20010df4a1c0ffffffffffffffffffff
6|20010df4c18000000000000000000000|20010df4c180ffffffffffffffffffff
6|20010df4c58000000000000000000000|20010df4c580ffffffffffffffffffff
6|20010df4e14000000000000000000000|20010df4e143ffffffffffffffffffff
6|20010df5144000000000000000000000|20010df51440ffffffffffffffffffff
6|20010df52fc000000000000000000000|20010df52fc0ffffffffffffffffffff
6|20010df5474000000000000000000000|20010df54740ffffffffffffffffffff
6|20010df54cc000000000000000000000|20010df54cc0ffffffffffffffffffff
6|20010df55f8000000000000000000000|20010df55f80ffffffffffffffffffff
6|20010df5780000000000000000000000|20010df57800ffffffffffffffffffff
6|20010df6004000000000000000000000|20010df60040ffffffffffffffffffff
6|20010df6010000000000000000000000|20010df60100ffffffffffffffffffff
6|20010df65d0000000000000000000000|20010df65d00ffffffffffffffffffff
6|20010df6680000000000000000000000|20010df66800ffffffffffffffffffff
6|20010df6f40000000000000000000000|20010df6f400ffffffffffffffffffff
6|20010df7148000000000000000000000|20010df71480ffffffffffffffffffff
6|20010df72b8000000000000000000000|20010df72b80ffffffffffffffffffff
6|20010df7660000000000000000000000|20010df76600ffffffffffffffffffff
6|20010df7e58000000000000000000000|20010df7e580ffffffffffffffffffff
6|20010e08000000000000000000000000|20010e08ffffffffffffffffffffffff
6|20010e18000000000000000000000000|20010e18ffffffffffffffffffffffff
6|20010e80000000000000000000000000|20010e80ffffffffffffffffffffffff
6|20010e88000000000000000000000000|20010e88ffffffffffffffffffffffff
6|20010f38000000000000000000000000|20010f38ffffffffffffffffffffffff
6|20010f88000000000000000000000000|20010f88ffffffffffffffffffffffff
6|20014438000000000000000000000000|20014438ffffffffffffffffffffffff
6|20014510000000000000000000000000|20014517ffffffffffffffffffffffff
6|24001040000000000000000000000000|24001040ffffffffffffffffffffffff
6|24001160000000000000000000000000|24001160ffffffffffffffffffffffff
6|240012c0000000000000000000000000|240012c0ffffffffffffffffffffffff
6|24001340000000000000000000000000|24001340ffffffffffffffffffffffff
6|24001380000000000000000000000000|24001380ffffffffffffffffffffffff
6|240015c0000000000000000000000000|240015c0ffffffffffffffffffffffff
6|24001640000000000000000000000000|24001640ffffffffffffffffffffffff
6|240016c0000000000000000000000000|240016c0ffffffffffffffffffffffff
6|24001740000000000000000000000000|24001740ffffffffffffffffffffffff
6|240017c0000000000000000000000000|240017c0ffffffffffffffffffffffff
6|24001840000000000000000000000000|24001840ffffffffffffffffffffffff
6|240018c0000000000000000000000000|240018c0ffffffffffffffffffffffff
6|24001940000000000000000000000000|24001940ffffffffffffffffffffffff
6|240019a0000000000000000000000000|240019a0ffffffffffffffffffffffff
6|240019c0000000000000000000000000|240019c0ffffffffffffffffffffffff
6|24001a40000000000000000000000000|24001a40ffffffffffffffffffffffff
6|24001ac0000000000000000000000000|24001ac0ffffffffffffffffffffffff
6|24001b40000000000000000000000000|24001b40ffffffffffffffffffffffff
6|24001cc0000000000000000000000000|24001cc0ffffffffffffffffffffffff
6|24001d40000000000000000000000000|24001d40ffffffffffffffffffffffff
6|24001dc0000000000000000000000000|24001dc0ffffffffffffffffffffffff
6|24001e40000000000000000000000000|24001e40ffffffffffffffffffffffff
6|24001ec0000000000000000000000000|24001ec0ffffffffffffffffffffffff
6|24001f40000000000000000000000000|24001f40ffffffffffffffffffffffff
6|24001fc0000000000000000000000000|24001fc0ffffffffffffffffffffffff
6|24003040000000000000000000000000|24003040ffffffffffffffffffffffff
6|24003140000000000000000000000000|24003140ffffffffffffffffffffffff
6|24003160000000000000000000000000|24003160ffffffffffffffffffffffff
6|240031c0000000000000000000000000|240031c0ffffffffffffffffffffffff
6|24003200000000000000000000000000|24003200ffffffffffffffffffffffff
6|24003280000000000000000000000000|24003280ffffffffffffffffffffffff
6|240032c0000000000000000000000000|240032c0ffffffffffffffffffffffff
6|24003340000000000000000000000000|24003340ffffffffffffffffffffffff
6|240033c0000000000000000000000000|240033c0ffffffffffffffffffffffff
6|24003440000000000000000000000000|24003440ffffffffffffffffffffffff
6|240034c0000000000000000000000000|240034c0ffffffffffffffffffffffff
6|24003540000000000000000000000000|24003540ffffffffffffffffffffffff
6|240035c0000000000000000000000000|240035c0ffffffffffffffffffffffff
6|24003600000000000000000000000000|24003600ffffffffffffffffffffffff
6|24003640000000000000000000000000|24003640ffffffffffffffffffffffff
6|24003660000000000000000000000000|24003660ffffffffffffffffffffffff
6|240036c0000000000000000000000000|240036c0ffffffffffffffffffffffff
6|240038c0000000000000000000000000|240038c0ffffffffffffffffffffffff
6|240039c0000000000000000000000000|240039c0ffffffffffffffffffffffff
6|24003a00000000000000000000000000|24003a00ffffffffffffffffffffffff
6|24003a40000000000000000000000000|24003a40ffffffffffffffffffffffff
6|24003b40000000000000000000000000|24003b40ffffffffffffffffffffffff
6|24003c40000000000000000000000000|24003c40ffffffffffffffffffffffff
6|24003cc0000000000000000000000000|24003cc0ffffffffffffffffffffffff
6|24003e00000000000000000000000000|24003e00ffffffffffffffffffffffff
6|24003f40000000000000000000000000|24003f40ffffffffffffffffffffffff
6|24003f60000000000000000000000000|24003f60ffffffffffffffffffffffff
6|24003fc0000000000000000000000000|24003fc0ffffffffffffffffffffffff
6|24004440000000000000000000000000|24004440ffffffffffffffffffffffff
6|240044c0000000000000000000000000|240044c0ffffffffffffffffffffffff
6|24004540000000000000000000000000|24004540ffffffffffffffffffffffff
6|24004600000000000000000000000000|24004600ffffffffffffffffffffffff
6|24004640000000000000000000000000|24004640ffffffffffffffffffffffff
6|240046c0000000000000000000000000|240046c0ffffffffffffffffffffffff
6|24004920000000000000000000000000|24004920ffffffffffffffffffffffff
6|24004bc0000000000000000000000000|24004bc0ffffffffffffffffffffffff
6|24004e00000000000000000000000000|24004e00ffffffffffffffffffffffff
6|24004e40000000000000000000000000|24004e40ffffffffffffffffffffffff
6|24005080000000000000000000000000|24005080ffffffffffffffffffffffff
6|24005280000000000000000000000000|24005280ffffffffffffffffffffffff
6|24005400000000000000000000000000|24005400ffffffffffffffffffffffff
6|24005580000000000000000000000000|24005580ffffffffffffffffffffffff
6|240055c0000000000000000000000000|240055c0ffffffffffffffffffffffff
6|240055e0000000000000000000000000|240055e0ffffffffffffffffffffffff
6|24005600000000000000000000000000|24005600ffffffffffffffffffffffff
6|24005640000000000000000000000000|24005640ffffffffffffffffffffffff
6|240056c0000000000000000000000000|240056c0ffffffffffffffffffffffff
6|240057c0000000000000000000000000|240057c0ffffffffffffffffffffffff
6|24005840000000000000000000000000|24005840ffffffffffffffffffffffff
6|24005a00000000000000000000000000|24005a00ffffffffffffffffffffffff
6|24005a40000000000000000000000000|24005a40ffffffffffffffffffffffff
6|24005a60000000000000000000000000|24005a60ffffffffffffffffffffffff
6|24005ac0000000000000000000000000|24005ac0ffffffffffffffffffffffff
6|24005b40000000000000000000000000|24005b40ffffffffffffffffffffffff
6|24005bc0000000000000000000000000|24005bc0ffffffffffffffffffffffff
6|24005c40000000000000000000000000|24005c40ffffffffffffffffffffffff
6|24005c80000000000000000000000000|24005c80ffffffffffffffffffffffff
6|24005cc0000000000000000000000000|24005cc0ffffffffffffffffffffffff
6|24005e20000000000000000000000000|24005e20ffffffffffffffffffffffff
6|24005e80000000000000000000000000|24005e80ffffffffffffffffffffffff
6|24005ee0000000000000000000000000|24005ee0ffffffffffffffffffffffff
6|24005f60000000000000000000000000|24005f60ffffffffffffffffffffffff
6|24005fc0000000000000000000000000|24005fc0ffffffffffffffffffffffff
6|24006000000000000000000000000000|24006000ffffffffffffffffffffffff
6|24006040000000000000000000000000|24006040ffffffffffffffffffffffff
6|240060c0000000000000000000000000|240060c0ffffffffffffffffffffffff
6|240061c0000000000000000000000000|240061c0ffffffffffffffffffffffff
6|24006200000000000000000000000000|24006200ffffffffffffffffffffffff
6|24006600000000000000000000000000|24006600ffffffffffffffffffffffff
6|24006640000000000000000000000000|24006640ffffffffffffffffffffffff
6|240066a0000000000000000000000000|240066a0ffffffffffffffffffffffff
6|240066c0000000000000000000000000|240066c0ffffffffffffffffffffffff
6|240066e0000000000000000000000000|240066e0ffffffffffffffffffffffff
6|24006740000000000000000000000000|24006740ffffffffffffffffffffffff
6|240067a0000000000000000000000000|240067a0ffffffffffffffffffffffff
6|240067c0000000000000000000000000|240067c0ffffffffffffffffffffffff
6|24006840000000000000000000000000|24006840ffffffffffffffffffffffff
6|240068c0000000000000000000000000|240068c0ffffffffffffffffffffffff
6|24006940000000000000000000000000|24006940ffffffffffffffffffffffff
6|240069c0000000000000000000000000|240069c0ffffffffffffffffffffffff
6|24006a00000000000000000000000000|24006a00ffffffffffffffffffffffff
6|24006a40000000000000000000000000|24006a40ffffffffffffffffffffffff
6|24006ac0000000000000000000000000|24006ac0ffffffffffffffffffffffff
6|24006b40000000000000000000000000|24006b40ffffffffffffffffffffffff
6|24006bc0000000000000000000000000|24006bc0ffffffffffffffffffffffff
6|24006c40000000000000000000000000|24006c40ffffffffffffffffffffffff
6|24006cc0000000000000000000000000|24006cc0ffffffffffffffffffffffff
6|24006d40000000000000000000000000|24006d40ffffffffffffffffffffffff
6|24006da0000000000000000000000000|24006da0ffffffffffffffffffffffff
6|24006dc0000000000000000000000000|24006dc0ffffffffffffffffffffffff
6|24006e00000000000000000000000000|24006e00ffffffffffffffffffffffff
6|24006e40000000000000000000000000|24006e40ffffffffffffffffffffffff
6|24006e60000000000000000000000000|24006e60ffffffffffffffffffffffff
6|24006ec0000000000000000000000000|24006ec0ffffffffffffffffffffffff
6|24006f40000000000000000000000000|24006f40ffffffffffffffffffffffff
6|24006f80000000000000000000000000|24006f80ffffffffffffffffffffffff
6|24006fc0000000000000000000000000|24006fc0ffffffffffffffffffffffff
6|24007040000000000000000000000000|24007040ffffffffffffffffffffffff
6|240070a0000000000000000000000000|240070a0ffffffffffffffffffffffff
6|24007100000000000000000000000000|24007100ffffffffffffffffffffffff
6|24007140000000000000000000000000|24007140ffffffffffffffffffffffff
6|240071c0000000000000000000000000|240071c0ffffffffffffffffffffffff
6|24007200000000000000000000000000|24007200ffffffffffffffffffffffff
6|24007240000000000000000000000000|24007240ffffffffffffffffffffffff
6|240072c0000000000000000000000000|240072c0ffffffffffffffffffffffff
6|240072e0000000000000000000000000|240072e0ffffffffffffffffffffffff
6|24007340000000000000000000000000|24007340ffffffffffffffffffffffff
6|240073c0000000000000000000000000|240073c0ffffffffffffffffffffffff
6|240073e0000000000000000000000000|240073e0ffffffffffffffffffffffff
6|24007440000000000000000000000000|24007440ffffffffffffffffffffffff
6|240074c0000000000000000000000000|240074c0ffffffffffffffffffffffff
6|24007540000000000000000000000000|24007540ffffffffffffffffffffffff
6|240075a0000000000000000000000000|240075afffffffffffffffffffffffff
6|240075c0000000000000000000000000|240075c0ffffffffffffffffffffffff
6|24007640000000000000000000000000|24007640ffffffffffffffffffffffff
6|24007680000000000000000000000000|24007680ffffffffffffffffffffffff
6|240076c0000000000000000000000000|240076c0ffffffffffffffffffffffff
6|24007740000000000000000000000000|24007740ffffffffffffffffffffffff
6|240077c0000000000000000000000000|240077c0ffffffffffffffffffffffff
6|240079c0000000000000000000000000|240079c0ffffffffffffffffffffffff
6|24007ac0000000000000000000000000|24007ac0ffffffffffffffffffffffff
6|24007ae0000000000000000000000000|24007ae0ffffffffffffffffffffffff
6|24007bc0000000000000000000000000|24007bc0ffffffffffffffffffffffff
6|24007f80000000000000000000000000|24007f80ffffffffffffffffffffffff
6|24007fc0000000000000000000000000|24007fc0ffffffffffffffffffffffff
6|24008080000000000000000000000000|24008080ffffffffffffffffffffffff
6|24008200000000000000000000000000|24008201ffffffffffffffffffffffff
6|240082c0000000000000000000000000|240082c0ffffffffffffffffffffffff
6|24008580000000000000000000000000|24008580ffffffffffffffffffffffff
6|24008600000000000000000000000000|24008600ffffffffffffffffffffffff
6|240086a0000000000000000000000000|240086a0ffffffffffffffffffffffff
6|240086e0000000000000000000000000|240086e0ffffffffffffffffffffffff
6|24008780000000000000000000000000|24008780ffffffffffffffffffffffff
6|240087c0000000000000000000000000|240087c0ffffffffffffffffffffffff
6|24008840000000000000000000000000|24008840ffffffffffffffffffffffff
6|24008920000000000000000000000000|24008920ffffffffffffffffffffffff
6|24008980000000000000000000000000|24008980ffffffffffffffffffffffff
6|240089c0000000000000000000000000|240089c0ffffffffffffffffffffffff
6|24008be0000000000000000000000000|24008be0ffffffffffffffffffffffff
6|24008ce0000000000000000000000000|24008ce0ffffffffffffffffffffffff
6|24008e00000000000000000000000000|24008e00ffffffffffffffffffffffff
6|24008e60000000000000000000000000|24008e60ffffffffffffffffffffffff
6|24008f00000000000000000000000000|24008f00ffffffffffffffffffffffff
6|24008f60000000000000000000000000|24008f60ffffffffffffffffffffffff
6|24008fc0000000000000000000000000|24008fc0ffffffffffffffffffffffff
6|24009020000000000000000000000000|24009020ffffffffffffffffffffffff
6|24009040000000000000000000000000|24009040ffffffffffffffffffffffff
6|24009340000000000000000000000000|24009340ffffffffffffffffffffffff
6|240093e0000000000000000000000000|240093e0ffffffffffffffffffffffff
6|24009520000000000000000000000000|24009520ffffffffffffffffffffffff
6|24009580000000000000000000000000|24009580ffffffffffffffffffffffff
6|240095c0000000000000000000000000|240095c0ffffffffffffffffffffffff
6|240095e0000000000000000000000000|240095e0ffffffffffffffffffffffff
6|24009600000000000000000000000000|24009600ffffffffffffffffffffffff
6|24009620000000000000000000000000|24009620ffffffffffffffffffffffff
6|240098c0000000000000000000000000|240098c0ffffffffffffffffffffffff
6|24009960000000000000000000000000|24009960ffffffffffffffffffffffff
6|240099e0000000000000000000000000|240099e0ffffffffffffffffffffffff
6|24009a00000000000000000000000000|24009a00ffffffffffffffffffffffff
6|24009ca0000000000000000000000000|24009ca0ffffffffffffffffffffffff
6|24009e00000000000000000000000000|24009e00ffffffffffffffffffffffff
6|2400a040000000000000000000000000|2400a040ffffffffffffffffffffffff
6|2400a320000000000000000000000000|2400a320ffffffffffffffffffffffff
6|2400a380000000000000000000000000|2400a380ffffffffffffffffffffffff
6|2400a420000000000000000000000000|2400a420ffffffffffffffffffffffff
6|2400a480000000000000000000000000|2400a480ffffffffffffffffffffffff
6|2400a5a0000000000000000000000000|2400a5a0ffffffffffffffffffffffff
6|2400a6a0000000000000000000000000|2400a6a0ffffffffffffffffffffffff
6|2400a780000000000000000000000000|2400a780ffffffffffffffffffffffff
6|2400a860000000000000000000000000|2400a860ffffffffffffffffffffffff
6|2400a8a0000000000000000000000000|2400a8a0ffffffffffffffffffffffff
6|2400a8c0000000000000000000000000|2400a8c0ffffffffffffffffffffffff
6|2400a900000000000000000000000000|2400a900ffffffffffffffffffffffff
6|2400a980000000000000000000000000|2400a987ffffffffffffffffffffffff
6|2400a9a0000000000000000000000000|2400a9a0ffffffffffffffffffffffff
6|2400abc0000000000000000000000000|2400abc0ffffffffffffffffffffffff
6|2400ae00000000000000000000000000|2400ae00ffffffffffffffffffffffff
6|2400b200000000000000000000000000|2400b200ffffffffffffffffffffffff
6|2400b500000000000000000000000000|2400b500ffffffffffffffffffffffff
6|2400b600000000000000000000000000|2400b600ffffffffffffffffffffffff
6|2400b620000000000000000000000000|2400b620ffffffffffffffffffffffff
6|2400b6c0000000000000000000000000|2400b6c0ffffffffffffffffffffffff
6|2400b700000000000000000000000000|2400b700ffffffffffffffffffffffff
6|2400b9a0000000000000000000000000|2400b9a0ffffffffffffffffffffffff
6|2400b9c0000000000000000000000000|2400b9c0ffffffffffffffffffffffff
6|2400ba00000000000000000000000000|2400ba00ffffffffffffffffffffffff
6|2400bac0000000000000000000000000|2400bac0ffffffffffffffffffffffff
6|2400be00000000000000000000000000|2400be00ffffffffffffffffffffffff
6|2400bf00000000000000000000000000|2400bf00ffffffffffffffffffffffff
6|2400c200000000000000000000000000|2400c200ffffffffffffffffffffffff
6|2400c380000000000000000000000000|2400c380ffffffffffffffffffffffff
6|2400c840000000000000000000000000|2400c840ffffffffffffffffffffffff
6|2400c8c0000000000000000000000000|2400c8c0ffffffffffffffffffffffff
6|2400c940000000000000000000000000|2400c940ffffffffffffffffffffffff
6|2400c9c0000000000000000000000000|2400c9c0ffffffffffffffffffffffff
6|2400ca40000000000000000000000000|2400ca40ffffffffffffffffffffffff
6|2400cac0000000000000000000000000|2400cac0ffffffffffffffffffffffff
6|2400cb40000000000000000000000000|2400cb40ffffffffffffffffffffffff
6|2400cb80000000000000000000000000|2400cb80ffffffffffffffffffffffff
6|2400cbc0000000000000000000000000|2400cbc0ffffffffffffffffffffffff
6|2400cc40000000000000000000000000|2400cc40ffffffffffffffffffffffff
6|2400cc80000000000000000000000000|2400cc80ffffffffffffffffffffffff
6|2400ccc0000000000000000000000000|2400ccc0ffffffffffffffffffffffff
6|2400cd40000000000000000000000000|2400cd40ffffffffffffffffffffffff
6|2400cda0000000000000000000000000|2400cda0ffffffffffffffffffffffff
6|2400cdc0000000000000000000000000|2400cdc0ffffffffffffffffffffffff
6|2400ce00000000000000000000000000|2400ce00ffffffffffffffffffffffff
6|2400ce40000000000000000000000000|2400ce40ffffffffffffffffffffffff
6|2400cf40000000000000000000000000|2400cf40ffffffffffffffffffffffff
6|2400cfc0000000000000000000000000|2400cfc0ffffffffffffffffffffffff
6|2400d0a0000000000000000000000000|2400d0a0ffffffffffffffffffffffff
6|2400d0c0000000000000000000000000|2400d0c0ffffffffffffffffffffffff
6|2400d100000000000000000000000000|2400d100ffffffffffffffffffffffff
6|2400d160000000000000000000000000|2400d160ffffffffffffffffffffffff
6|2400d1c0000000000000000000000000|2400d1c0ffffffffffffffffffffffff
6|2400d200000000000000000000000000|2400d200ffffffffffffffffffffffff
6|2400d300000000000000000000000000|2400d300ffffffffffffffffffffffff
6|2400d440000000000000000000000000|2400d440ffffffffffffffffffffffff
6|2400d600000000000000000000000000|2400d600ffffffffffffffffffffffff
6|2400d6a0000000000000000000000000|2400d6a0ffffffffffffffffffffffff
6|2400d6c0000000000000000000000000|2400d6c0ffffffffffffffffffffffff
6|2400d720000000000000000000000000|2400d720ffffffffffffffffffffffff
6|2400d780000000000000000000000000|2400d780ffffffffffffffffffffffff
6|2400d7a0000000000000000000000000|2400d7a0ffffffffffffffffffffffff
6|2400da00000000000000000000000000|2400da00ffffffffffffffffffffffff
6|2400da60000000000000000000000000|2400da60ffffffffffffffffffffffff
6|2400dd00000000000000000000000000|2400dd0fffffffffffffffffffffffff
6|2400dd40000000000000000000000000|2400dd40ffffffffffffffffffffffff
6|2400dda0000000000000000000000000|2400dda0ffffffffffffffffffffffff
6|2400de00000000000000000000000000|2400de00ffffffffffffffffffffffff
6|2400de80000000000000000000000000|2400de80ffffffffffffffffffffffff
6|2400dee0000000000000000000000000|2400dee0ffffffffffffffffffffffff
6|2400e0c0000000000000000000000000|2400e0c0ffffffffffffffffffffffff
6|2400e680000000000000000000000000|2400e680ffffffffffffffffffffffff
6|2400e7e0000000000000000000000000|2400e7e0ffffffffffffffffffffffff
6|2400e880000000000000000000000000|2400e880ffffffffffffffffffffffff
6|2400ebc0000000000000000000000000|2400ebc0ffffffffffffffffffffffff
6|2400ed60000000000000000000000000|2400ed60ffffffffffffffffffffffff
6|2400eda0000000000000000000000000|2400eda0ffffffffffffffffffffffff
6|2400edc0000000000000000000000000|2400edc0ffffffffffffffffffffffff
6|2400ee00000000000000000000000000|2400ee00ffffffffffffffffffffffff
6|2400eec0000000000000000000000000|2400eec0ffffffffffffffffffffffff
6|2400ef40000000000000000000000000|2400ef40ffffffffffffffffffffffff
6|2400f480000000000000000000000000|2400f480ffffffffffffffffffffffff
6|2400f5c0000000000000000000000000|2400f5c0ffffffffffffffffffffffff
6|2400f6e0000000000000000000000000|2400f6e0ffffffffffffffffffffffff
6|2400f720000000000000000000000000|2400f720ffffffffffffffffffffffff
6|2400f7c0000000000000000000000000|2400f7c0ffffffffffffffffffffffff
6|2400f840000000000000000000000000|2400f840ffffffffffffffffffffffff
6|2400f860000000000000000000000000|2400f860ffffffffffffffffffffffff
6|2400f980000000000000000000000000|2400f980ffffffffffffffffffffffff
6|2400fac0000000000000000000000000|2400fac0ffffffffffffffffffffffff
6|2400fb40000000000000000000000000|2400fb40ffffffffffffffffffffffff
6|2400fb60000000000000000000000000|2400fb60ffffffffffffffffffffffff
6|2400fbc0000000000000000000000000|2400fbc0ffffffffffffffffffffffff
6|2400fc40000000000000000000000000|2400fc40ffffffffffffffffffffffff
6|2400fcc0000000000000000000000000|2400fcc0ffffffffffffffffffffffff
6|2400fe00000000000000000000000000|2400fe00ffffffffffffffffffffffff
6|24010020000000000000000000000000|24010020ffffffffffffffffffffffff
6|24010060000000000000000000000000|24010060ffffffffffffffffffffffff
6|24010080000000000000000000000000|24010080ffffffffffffffffffffffff
6|24010140000000000000000000000000|24010140ffffffffffffffffffffffff
6|240101c0000000000000000000000000|240101c0ffffffffffffffffffffffff
6|24010540000000000000000000000000|24010540ffffffffffffffffffffffff
6|24010620000000000000000000000000|24010620ffffffffffffffffffffffff
6|240107c0000000000000000000000000|240107c0ffffffffffffffffffffffff
6|24010800000000000000000000000000|24010800ffffffffffffffffffffffff
6|240109c0000000000000000000000000|240109c0ffffffffffffffffffffffff
6|24010a00000000000000000000000000|24010a00ffffffffffffffffffffffff
6|24010a40000000000000000000000000|24010a40ffffffffffffffffffffffff
6|24010ac0000000000000000000000000|24010ac0ffffffffffffffffffffffff
6|24010b40000000000000000000000000|24010b40ffffffffffffffffffffffff
6|24010ba0000000000000000000000000|24010ba0ffffffffffffffffffffffff
6|24010bc0000000000000000000000000|24010bc0ffffffffffffffffffffffff
6|24010c40000000000000000000000000|24010c40ffffffffffffffffffffffff
6|24010cc0000000000000000000000000|24010cc0ffffffffffffffffffffffff
6|24010d40000000000000000000000000|24010d40ffffffffffffffffffffffff
6|24010e00000000000000000000000000|24010e00ffffffffffffffffffffffff
6|24011000000000000000000000000000|24011000ffffffffffffffffffffffff
6|24011160000000000000000000000000|24011160ffffffffffffffffffffffff
6|240111c0000000000000000000000000|240111c0ffffffffffffffffffffffff
6|24011200000000000000000000000000|24011200ffffffffffffffffffffffff
6|240112c0000000000000000000000000|240112c0ffffffffffffffffffffffff
6|24011320000000000000000000000000|24011320ffffffffffffffffffffffff
6|240115c0000000000000000000000000|240115c0ffffffffffffffffffffffff
6|240118c0000000000000000000000000|240118c0ffffffffffffffffffffffff
6|240118e0000000000000000000000000|240118efffffffffffffffffffffffff
6|24011940000000000000000000000000|24011940ffffffffffffffffffffffff
6|240119c0000000000000000000000000|240119c0ffffffffffffffffffffffff
6|24011a40000000000000000000000000|24011a40ffffffffffffffffffffffff
6|24011ac0000000000000000000000000|24011ac0ffffffffffffffffffffffff
6|24011c60000000000000000000000000|24011c60ffffffffffffffffffffffff
6|24011ce0000000000000000000000000|24011ce0ffffffffffffffffffffffff
6|24011d40000000000000000000000000|24011d40ffffffffffffffffffffffff
6|24011da0000000000000000000000000|24011da0ffffffffffffffffffffffff
6|24011dc0000000000000000000000000|24011dc0ffffffffffffffffffffffff
6|24011de0000000000000000000000000|24011de0ffffffffffffffffffffffff
6|24011e00000000000000000000000000|24011e00ffffffffffffffffffffffff
6|24011ec0000000000000000000000000|24011ec0ffffffffffffffffffffffff
6|24011f40000000000000000000000000|24011f40ffffffffffffffffffffffff
6|24012040000000000000000000000000|24012040ffffffffffffffffffffffff
6|24012080000000000000000000000000|24012080ffffffffffffffffffffffff
6|240123c0000000000000000000000000|240123c0ffffffffffffffffffffffff
6|24012600000000000000000000000000|24012600ffffffffffffffffffffffff
6|24012780000000000000000000000000|24012780ffffffffffffffffffffffff
6|24012980000000000000000000000000|24012980ffffffffffffffffffffffff
6|24012a00000000000000000000000000|24012a00ffffffffffffffffffffffff
6|24012b40000000000000000000000000|24012b40ffffffffffffffffffffffff
6|24012e00000000000000000000000000|24012e00ffffffffffffffffffffffff
6|24012e20000000000000000000000000|24012e20ffffffffffffffffffffffff
6|24013100000000000000000000000000|24013100ffffffffffffffffffffffff
6|24013380000000000000000000000000|24013380ffffffffffffffffffffffff
6|240133c0000000000000000000000000|240133c0ffffffffffffffffffffffff
6|24013440000000000000000000000000|24013440ffffffffffffffffffffffff
6|24013480000000000000000000000000|24013480ffffffffffffffffffffffff
6|240134a0000000000000000000000000|240134a1ffffffffffffffffffffffff
6|240134c0000000000000000000000000|240134c0ffffffffffffffffffffffff
6|24013640000000000000000000000000|24013640ffffffffffffffffffffffff
6|24013780000000000000000000000000|24013780ffffffffffffffffffffffff
6|24013800000000000000000000000000|24013800ffffffffffffffffffffffff
6|24013880000000000000000000000000|24013880ffffffffffffffffffffffff
6|24013980000000000000000000000000|24013980ffffffffffffffffffffffff
6|24013a00000000000000000000000000|24013a00ffffffffffffffffffffffff
6|24013a80000000000000000000000000|24013a80ffffffffffffffffffffffff
6|24013b80000000000000000000000000|24013b80ffffffffffffffffffffffff
6|24013c20000000000000000000000000|24013c20ffffffffffffffffffffffff
6|24013c80000000000000000000000000|24013c80ffffffffffffffffffffffff
6|24013d80000000000000000000000000|24013d80ffffffffffffffffffffffff
6|24013e80000000000000000000000000|24013e80ffffffffffffffffffffffff
6|24013f80000000000000000000000000|24013f80ffffffffffffffffffffffff
6|24014080000000000000000000000000|24014080ffffffffffffffffffffffff
6|24014180000000000000000000000000|24014180ffffffffffffffffffffffff
6|24014280000000000000000000000000|24014280ffffffffffffffffffffffff
6|24014380000000000000000000000000|24014380ffffffffffffffffffffffff
6|24014480000000000000000000000000|24014480ffffffffffffffffffffffff
6|24014580000000000000000000000000|24014580ffffffffffffffffffffffff
6|24014680000000000000000000000000|24014680ffffffffffffffffffffffff
6|24014780000000000000000000000000|24014780ffffffffffffffffffffffff
6|24014880000000000000000000000000|24014880ffffffffffffffffffffffff
6|24014a80000000000000000000000000|24014a80ffffffffffffffffffffffff
6|24014b00000000000000000000000000|24014b00ffffffffffffffffffffffff
6|24014f80000000000000000000000000|24014f80ffffffffffffffffffffffff
6|24015180000000000000000000000000|24015180ffffffffffffffffffffffff
6|24015680000000000000000000000000|24015680ffffffffffffffffffffffff
6|240158a0000000000000000000000000|240158a0ffffffffffffffffffffffff
6|240159c0000000000000000000000000|240159c0ffffffffffffffffffffffff
6|24015b40000000000000000000000000|24015b40ffffffffffffffffffffffff
6|24015c20000000000000000000000000|24015c20ffffffffffffffffffffffff
6|24015c60000000000000000000000000|24015c60ffffffffffffffffffffffff
6|24015c80000000000000000000000000|24015c80ffffffffffffffffffffffff
6|24015fa0000000000000000000000000|24015fa0ffffffffffffffffffffffff
6|240170e0000000000000000000000000|240170e0ffffffffffffffffffffffff
6|24017180000000000000000000000000|24017180ffffffffffffffffffffffff
6|240171c0000000000000000000000000|240171c0ffffffffffffffffffffffff
6|24017240000000000000000000000000|24017240ffffffffffffffffffffffff
6|24017320000000000000000000000000|24017320ffffffffffffffffffffffff
6|24017360000000000000000000000000|24017360ffffffffffffffffffffffff
6|240173a0000000000000000000000000|240173a0ffffffffffffffffffffffff
6|24017580000000000000000000000000|24017580ffffffffffffffffffffffff
6|24017660000000000000000000000000|24017660ffffffffffffffffffffffff
6|24017680000000000000000000000000|24017680ffffffffffffffffffffffff
6|24017700000000000000000000000000|24017700ffffffffffffffffffffffff
6|24017780000000000000000000000000|24017780ffffffffffffffffffffffff
6|240177e0000000000000000000000000|240177e0ffffffffffffffffffffffff
6|24017820000000000000000000000000|24017820ffffffffffffffffffffffff
6|24017880000000000000000000000000|24017880ffffffffffffffffffffffff
6|240178e0000000000000000000000000|240178e0ffffffffffffffffffffffff
6|24017980000000000000000000000000|24017980ffffffffffffffffffffffff
6|24017a00000000000000000000000000|24017a00ffffffffffffffffffffffff
6|24017a80000000000000000000000000|24017a80ffffffffffffffffffffffff
6|24017b80000000000000000000000000|24017b80ffffffffffffffffffffffff
6|24017bc0000000000000000000000000|24017bc0ffffffffffffffffffffffff
6|24017c80000000000000000000000000|24017c80ffffffffffffffffffffffff
6|24017cc0000000000000000000000000|24017cc0ffffffffffffffffffffffff
6|24017ce0000000000000000000000000|24017ce0ffffffffffffffffffffffff
6|24017d40000000000000000000000000|24017d40ffffffffffffffffffffffff
6|24017d80000000000000000000000000|24017d80ffffffffffffffffffffffff
6|24017e00000000000000000000000000|24017e00ffffffffffffffffffffffff
6|24017f80000000000000000000000000|24017f80ffffffffffffffffffffffff
6|24018200000000000000000000000000|24018200ffffffffffffffffffffffff
6|240182c0000000000000000000000000|240182c0ffffffffffffffffffffffff
6|24018380000000000000000000000000|24018380ffffffffffffffffffffffff
6|24018540000000000000000000000000|24018540ffffffffffffffffffffffff
6|24018600000000000000000000000000|24018600ffffffffffffffffffffffff
6|24018680000000000000000000000000|24018680ffffffffffffffffffffffff
6|24018720000000000000000000000000|24018720ffffffffffffffffffffffff
6|240187e0000000000000000000000000|240187e0ffffffffffffffffffffffff
6|24018820000000000000000000000000|24018821ffffffffffffffffffffffff
6|24018840000000000000000000000000|24018840ffffffffffffffffffffffff
6|24018be0000000000000000000000000|24018be0ffffffffffffffffffffffff
6|24018d00000000000000000000000000|24018d00ffffffffffffffffffffffff
6|24018da0000000000000000000000000|24018da0ffffffffffffffffffffffff
6|24018f40000000000000000000000000|24018f40ffffffffffffffffffffffff
6|24018fc0000000000000000000000000|24018fc0ffffffffffffffffffffffff
6|240190a0000000000000000000000000|240190a0ffffffffffffffffffffffff
6|24019260000000000000000000000000|24019260ffffffffffffffffffffffff
6|240192a0000000000000000000000000|240192a0ffffffffffffffffffffffff
6|240192e0000000000000000000000000|240192e0ffffffffffffffffffffffff
6|24019340000000000000000000000000|24019340ffffffffffffffffffffffff
6|240195e0000000000000000000000000|240195e0ffffffffffffffffffffffff
6|24019600000000000000000000000000|24019600ffffffffffffffffffffffff
6|240196c0000000000000000000000000|240196c0ffffffffffffffffffffffff
6|240196e0000000000000000000000000|240196e0ffffffffffffffffffffffff
6|24019720000000000000000000000000|24019720ffffffffffffffffffffffff
6|24019740000000000000000000000000|24019740ffffffffffffffffffffffff
6|240197a0000000000000000000000000|240197a0ffffffffffffffffffffffff
6|240198c0000000000000000000000000|240198c0ffffffffffffffffffffffff
6|24019a00000000000000000000000000|24019a00ffffffffffffffffffffffff
6|24019ac0000000000000000000000000|24019ac0ffffffffffffffffffffffff
6|24019b20000000000000000000000000|24019b21ffffffffffffffffffffffff
6|24019b40000000000000000000000000|24019b40ffffffffffffffffffffffff
6|24019b60000000000000000000000000|24019b60ffffffffffffffffffffffff
6|24019bc0000000000000000000000000|24019bc0ffffffffffffffffffffffff
6|24019ca0000000000000000000000000|24019ca0ffffffffffffffffffffffff
6|24019d20000000000000000000000000|24019d20ffffffffffffffffffffffff
6|24019dc0000000000000000000000000|24019dc0ffffffffffffffffffffffff
6|24019e20000000000000000000000000|24019e20ffffffffffffffffffffffff
6|24019e40000000000000000000000000|24019e40ffffffffffffffffffffffff
6|24019f80000000000000000000000000|24019f80ffffffffffffffffffffffff
6|24019fa0000000000000000000000000|24019fa0ffffffffffffffffffffffff
6|2401a140000000000000000000000000|2401a140ffffffffffffffffffffffff
6|2401a180000000000000000000000000|2401a180ffffffffffffffffffffffff
6|2401a2e0000000000000000000000000|2401a2e0ffffffffffffffffffffffff
6|2401a340000000000000000000000000|2401a340ffffffffffffffffffffffff
6|2401a3a0000000000000000000000000|2401a3a0ffffffffffffffffffffffff
6|2401a3c0000000000000000000000000|2401a3c0ffffffffffffffffffffffff
6|2401a4c0000000000000000000000000|2401a4c0ffffffffffffffffffffffff
6|2401a4e0000000000000000000000000|2401a4e0ffffffffffffffffffffffff
6|2401a540000000000000000000000000|2401a540ffffffffffffffffffffffff
6|2401a5c0000000000000000000000000|2401a5c0ffffffffffffffffffffffff
6|2401a620000000000000000000000000|2401a620ffffffffffffffffffffffff
6|2401a640000000000000000000000000|2401a640ffffffffffffffffffffffff
6|2401a6e0000000000000000000000000|2401a6e0ffffffffffffffffffffffff
6|2401a720000000000000000000000000|2401a720ffffffffffffffffffffffff
6|2401a940000000000000000000000000|2401a940ffffffffffffffffffffffff
6|2401a980000000000000000000000000|2401a980ffffffffffffffffffffffff
6|2401a9a0000000000000000000000000|2401a9a0ffffffffffffffffffffffff
6|2401aa00000000000000000000000000|2401aa00ffffffffffffffffffffffff
6|2401aa20000000000000000000000000|2401aa20ffffffffffffffffffffffff
6|2401aa40000000000000000000000000|2401aa40ffffffffffffffffffffffff
6|2401ab60000000000000000000000000|2401ab60ffffffffffffffffffffffff
6|2401aba0000000000000000000000000|2401aba0ffffffffffffffffffffffff
6|2401acc0000000000000000000000000|2401acc0ffffffffffffffffffffffff
6|2401ad40000000000000000000000000|2401ad40ffffffffffffffffffffffff
6|2401adc0000000000000000000000000|2401adc0ffffffffffffffffffffffff
6|2401afa0000000000000000000000000|2401afa0ffffffffffffffffffffffff
6|2401b040000000000000000000000000|2401b040ffffffffffffffffffffffff
6|2401b180000000000000000000000000|2401b180ffffffffffffffffffffffff
6|2401b220000000000000000000000000|2401b220ffffffffffffffffffffffff
6|2401b340000000000000000000000000|2401b340ffffffffffffffffffffffff
6|2401b360000000000000000000000000|2401b360ffffffffffffffffffffffff
6|2401b400000000000000000000000000|2401b400ffffffffffffffffffffffff
6|2401b480000000000000000000000000|2401b480ffffffffffffffffffffffff
6|2401b4c0000000000000000000000000|2401b4c0ffffffffffffffffffffffff
6|2401b4e0000000000000000000000000|2401b4e0ffffffffffffffffffffffff
6|2401b540000000000000000000000000|2401b540ffffffffffffffffffffffff
6|2401b580000000000000000000000000|2401b580ffffffffffffffffffffffff
6|2401b5a0000000000000000000000000|2401b5a0ffffffffffffffffffffffff
6|2401b600000000000000000000000000|2401b600ffffffffffffffffffffffff
6|2401b680000000000000000000000000|2401b680ffffffffffffffffffffffff
6|2401b6c0000000000000000000000000|2401b6c0ffffffffffffffffffffffff
6|2401b6e0000000000000000000000000|2401b6e0ffffffffffffffffffffffff
6|2401b7c0000000000000000000000000|2401b7c0ffffffffffffffffffffffff
6|2401b940000000000000000000000000|2401b940ffffffffffffffffffffffff
6|2401ba00000000000000000000000000|2401ba00ffffffffffffffffffffffff
6|2401ba40000000000000000000000000|2401ba40ffffffffffffffffffffffff
6|2401bb20000000000000000000000000|2401bb20ffffffffffffffffffffffff
6|2401bb80000000000000000000000000|2401bb80ffffffffffffffffffffffff
6|2401bc60000000000000000000000000|2401bc61ffffffffffffffffffffffff
6|2401bd60000000000000000000000000|2401bd60ffffffffffffffffffffffff
6|2401bda0000000000000000000000000|2401bda0ffffffffffffffffffffffff
6|2401be00000000000000000000000000|2401be00ffffffffffffffffffffffff
6|2401bf20000000000000000000000000|2401bf20ffffffffffffffffffffffff
6|2401c020000000000000000000000000|2401c020ffffffffffffffffffffffff
6|2401c200000000000000000000000000|2401c200ffffffffffffffffffffffff
6|2401c540000000000000000000000000|2401c540ffffffffffffffffffffffff
6|2401c600000000000000000000000000|2401c600ffffffffffffffffffffffff
6|2401c640000000000000000000000000|2401c640ffffffffffffffffffffffff
6|2401c6c0000000000000000000000000|2401c6c0ffffffffffffffffffffffff
6|2401c840000000000000000000000000|2401c840ffffffffffffffffffffffff
6|2401c8c0000000000000000000000000|2401c8c0ffffffffffffffffffffffff
6|2401ca00000000000000000000000000|2401ca00ffffffffffffffffffffffff
6|2401ca20000000000000000000000000|2401ca20ffffffffffffffffffffffff
6|2401cb80000000000000000000000000|2401cb80ffffffffffffffffffffffff
6|2401cbe0000000000000000000000000|2401cbe0ffffffffffffffffffffffff
6|2401cc00000000000000000000000000|2401cc00ffffffffffffffffffffffff
6|2401cc60000000000000000000000000|2401cc60ffffffffffffffffffffffff
6|2401ce00000000000000000000000000|2401ce00ffffffffffffffffffffffff
6|2401cf40000000000000000000000000|2401cf40ffffffffffffffffffffffff
6|2401cfc0000000000000000000000000|2401cfc0ffffffffffffffffffffffff
6|2401cfe0000000000000000000000000|2401cfe0ffffffffffffffffffffffff
6|2401d060000000000000000000000000|2401d060ffffffffffffffffffffffff
6|2401d0c0000000000000000000000000|2401d0c0ffffffffffffffffffffffff
6|2401d0e0000000000000000000000000|2401d0e0ffffffffffffffffffffffff
6|2401d140000000000000000000000000|2401d140ffffffffffffffffffffffff
6|2401d180000000000000000000000000|2401d180ffffffffffffffffffffffff
6|2401d2c0000000000000000000000000|2401d2c0ffffffffffffffffffffffff
6|2401d340000000000000000000000000|2401d340ffffffffffffffffffffffff
6|2401d420000000000000000000000000|2401d420ffffffffffffffffffffffff
6|2401d780000000000000000000000000|2401d780ffffffffffffffffffffffff
6|2401d7e0000000000000000000000000|2401d7e0ffffffffffffffffffffffff
6|2401d8e0000000000000000000000000|2401d8e0ffffffffffffffffffffffff
6|2401d920000000000000000000000000|2401d92fffffffffffffffffffffffff
6|2401da00000000000000000000000000|2401da00ffffffffffffffffffffffff
6|2401dbe0000000000000000000000000|2401dbe0ffffffffffffffffffffffff
6|2401dd20000000000000000000000000|2401dd20ffffffffffffffffffffffff
6|2401dd60000000000000000000000000|2401dd60ffffffffffffffffffffffff
6|2401de00000000000000000000000000|2401de00ffffffffffffffffffffffff
6|2401dfe0000000000000000000000000|2401dfe0ffffffffffffffffffffffff
6|2401e020000000000000000000000000|2401e020ffffffffffffffffffffffff
6|2401e080000000000000000000000000|2401e080ffffffffffffffffffffffff
6|2401e0c0000000000000000000000000|2401e0c0ffffffffffffffffffffffff
6|2401e140000000000000000000000000|2401e140ffffffffffffffffffffffff
6|2401e240000000000000000000000000|2401e240ffffffffffffffffffffffff
6|2401e2c0000000000000000000000000|2401e2c0ffffffffffffffffffffffff
6|2401e340000000000000000000000000|2401e340ffffffffffffffffffffffff
6|2401e360000000000000000000000000|2401e360ffffffffffffffffffffffff
6|2401e620000000000000000000000000|2401e620ffffffffffffffffffffffff
6|2401e840000000000000000000000000|2401e840ffffffffffffffffffffffff
6|2401e8c0000000000000000000000000|2401e8c0ffffffffffffffffffffffff
6|2401e940000000000000000000000000|2401e940ffffffffffffffffffffffff
6|2401e9c0000000000000000000000000|2401e9c0ffffffffffffffffffffffff
6|2401ec00000000000000000000000000|2401ec00ffffffffffffffffffffffff
6|2401ec40000000000000000000000000|2401ec40ffffffffffffffffffffffff
6|2401f0a0000000000000000000000000|2401f0a0ffffffffffffffffffffffff
6|2401f0e0000000000000000000000000|2401f0e0ffffffffffffffffffffffff
6|2401f220000000000000000000000000|2401f220ffffffffffffffffffffffff
6|2401f300000000000000000000000000|2401f300ffffffffffffffffffffffff
6|2401f320000000000000000000000000|2401f320ffffffffffffffffffffffff
6|2401f3e0000000000000000000000000|2401f3e0ffffffffffffffffffffffff
6|2401f7c0000000000000000000000000|2401f7c0ffffffffffffffffffffffff
6|2401f860000000000000000000000000|2401f860ffffffffffffffffffffffff
6|2401fa80000000000000000000000000|2401fa80ffffffffffffffffffffffff
6|2401fb80000000000000000000000000|2401fb80ffffffffffffffffffffffff
6|2401fc60000000000000000000000000|2401fc60ffffffffffffffffffffffff
6|2401fc80000000000000000000000000|2401fc80ffffffffffffffffffffffff
6|2401ffc0000000000000000000000000|2401ffc0ffffffffffffffffffffffff
6|24020440000000000000000000000000|24020440ffffffffffffffffffffffff
6|240205c0000000000000000000000000|240205c0ffffffffffffffffffffffff
6|24020840000000000000000000000000|24020840ffffffffffffffffffffffff
6|24020a60000000000000000000000000|24020a60ffffffffffffffffffffffff
6|24020c20000000000000000000000000|24020c20ffffffffffffffffffffffff
6|24020c60000000000000000000000000|24020c60ffffffffffffffffffffffff
6|24020e00000000000000000000000000|24020e00ffffffffffffffffffffffff
6|24020fc0000000000000000000000000|24020fc0ffffffffffffffffffffffff
6|24021000000000000000000000000000|24021000ffffffffffffffffffffffff
6|24021160000000000000000000000000|24021160ffffffffffffffffffffffff
6|24021440000000000000000000000000|24021440ffffffffffffffffffffffff
6|24021460000000000000000000000000|24021460ffffffffffffffffffffffff
6|240214c0000000000000000000000000|240214c0ffffffffffffffffffffffff
6|24021520000000000000000000000000|24021520ffffffffffffffffffffffff
6|24021600000000000000000000000000|24021600ffffffffffffffffffffffff
6|240216e0000000000000000000000000|240216e0ffffffffffffffffffffffff
6|24021740000000000000000000000000|24021740ffffffffffffffffffffffff
6|240218a0000000000000000000000000|240218a0ffffffffffffffffffffffff
6|240219c0000000000000000000000000|240219c0ffffffffffffffffffffffff
6|24021be0000000000000000000000000|24021be0ffffffffffffffffffffffff
6|24021c20000000000000000000000000|24021c20ffffffffffffffffffffffff
6|24021f80000000000000000000000000|24021f80ffffffffffffffffffffffff
6|24022000000000000000000000000000|24022000ffffffffffffffffffffffff
6|240220e0000000000000000000000000|240220e0ffffffffffffffffffffffff
6|24022280000000000000000000000000|24022280ffffffffffffffffffffffff
6|24022440000000000000000000000000|24022440ffffffffffffffffffffffff
6|240224c0000000000000000000000000|240224c0ffffffffffffffffffffffff
6|24022540000000000000000000000000|24022540ffffffffffffffffffffffff
6|24022620000000000000000000000000|24022620ffffffffffffffffffffffff
6|24022640000000000000000000000000|24022640ffffffffffffffffffffffff
6|24022760000000000000000000000000|24022760ffffffffffffffffffffffff
6|24022a00000000000000000000000000|24022a00ffffffffffffffffffffffff
6|24022b80000000000000000000000000|24022b80ffffffffffffffffffffffff
6|24022bc0000000000000000000000000|24022bc0ffffffffffffffffffffffff
6|24022ca0000000000000000000000000|24022ca0ffffffffffffffffffffffff
6|24022d00000000000000000000000000|24022d00ffffffffffffffffffffffff
6|24022d80000000000000000000000000|24022d80ffffffffffffffffffffffff
6|24022e60000000000000000000000000|24022e60ffffffffffffffffffffffff
6|24022e80000000000000000000000000|24022e80ffffffffffffffffffffffff
6|24022f40000000000000000000000000|24022f40ffffffffffffffffffffffff
6|24023040000000000000000000000000|24023040ffffffffffffffffffffffff
6|24023140000000000000000000000000|24023140ffffffffffffffffffffffff
6|24023180000000000000000000000000|24023180ffffffffffffffffffffffff
6|240231c0000000000000000000000000|240231c0ffffffffffffffffffffffff
6|24023240000000000000000000000000|24023240ffffffffffffffffffffffff
6|240232e0000000000000000000000000|240232e0ffffffffffffffffffffffff
6|24023320000000000000000000000000|24023320ffffffffffffffffffffffff
6|240233a0000000000000000000000000|240233a0ffffffffffffffffffffffff
6|240233c0000000000000000000000000|240233c0ffffffffffffffffffffffff
6|240233e0000000000000000000000000|240233e0ffffffffffffffffffffffff
6|240234e0000000000000000000000000|240234e0ffffffffffffffffffffffff
6|240236e0000000000000000000000000|240236e0ffffffffffffffffffffffff
6|240239c0000000000000000000000000|240239c0ffffffffffffffffffffffff
6|24023a40000000000000000000000000|24023a40ffffffffffffffffffffffff
6|24023ac0000000000000000000000000|24023ac0ffffffffffffffffffffffff
6|24023ba0000000000000000000000000|24023ba0ffffffffffffffffffffffff
6|24023c00000000000000000000000000|24023c00ffffffffffffffffffffffff
6|24023d20000000000000000000000000|24023d20ffffffffffffffffffffffff
6|24023de0000000000000000000000000|24023de0ffffffffffffffffffffffff
6|24023e00000000000000000000000000|24023e00ffffffffffffffffffffffff
6|24023ec0000000000000000000000000|24023ec0ffffffffffffffffffffffff
6|24023f80000000000000000000000000|24023f80ffffffffffffffffffffffff
6|24024060000000000000000000000000|24024060ffffffffffffffffffffffff
6|24024140000000000000000000000000|24024140ffffffffffffffffffffffff
6|240242c0000000000000000000000000|240242c0ffffffffffffffffffffffff
6|24024340000000000000000000000000|24024340ffffffffffffffffffffffff
6|240243c0000000000000000000000000|240243c0ffffffffffffffffffffffff
6|24024440000000000000000000000000|24024440ffffffffffffffffffffffff
6|24024500000000000000000000000000|24024500ffffffffffffffffffffffff
6|24024540000000000000000000000000|24024540ffffffffffffffffffffffff
6|24024820000000000000000000000000|24024820ffffffffffffffffffffffff
6|24024a00000000000000000000000000|24024a00ffffffffffffffffffffffff
6|24024a40000000000000000000000000|24024a40ffffffffffffffffffffffff
6|24024a80000000000000000000000000|24024a80ffffffffffffffffffffffff
6|24024ac0000000000000000000000000|24024ac0ffffffffffffffffffffffff
6|24024b80000000000000000000000000|24024b80ffffffffffffffffffffffff
6|24024bc0000000000000000000000000|24024bc0ffffffffffffffffffffffff
6|24024be0000000000000000000000000|24024be0ffffffffffffffffffffffff
6|24024c40000000000000000000000000|24024c40ffffffffffffffffffffffff
6|24024d60000000000000000000000000|24024d60ffffffffffffffffffffffff
6|24024d80000000000000000000000000|24024d80ffffffffffffffffffffffff
6|24024e00000000000000000000000000|24024e00ffffffffffffffffffffffff
6|24024ec0000000000000000000000000|24024ec0ffffffffffffffffffffffff
6|24024f80000000000000000000000000|24024f80ffffffffffffffffffffffff
6|240250a0000000000000000000000000|240250a0ffffffffffffffffffffffff
6|24025180000000000000000000000000|24025180ffffffffffffffffffffffff
6|240251a0000000000000000000000000|240251a0ffffffffffffffffffffffff
6|24025340000000000000000000000000|24025340ffffffffffffffffffffffff
6|24025820000000000000000000000000|24025820ffffffffffffffffffffffff
6|24025880000000000000000000000000|24025880ffffffffffffffffffffffff
6|24025920000000000000000000000000|24025920ffffffffffffffffffffffff
6|24025940000000000000000000000000|24025940ffffffffffffffffffffffff
6|240259c0000000000000000000000000|240259c0ffffffffffffffffffffffff
6|24025a40000000000000000000000000|24025a40ffffffffffffffffffffffff
6|24025b40000000000000000000000000|24025b40ffffffffffffffffffffffff
6|24025bc0000000000000000000000000|24025bc0ffffffffffffffffffffffff
6|24025d00000000000000000000000000|24025d00ffffffffffffffffffffffff
6|24025e00000000000000000000000000|24025e00ffffffffffffffffffffffff
6|24025e40000000000000000000000000|24025e40ffffffffffffffffffffffff
6|24025ec0000000000000000000000000|24025ec0ffffffffffffffffffffffff
6|24025f20000000000000000000000000|24025f20ffffffffffffffffffffffff
6|24025f40000000000000000000000000|24025f40ffffffffffffffffffffffff
6|24026060000000000000000000000000|24026060ffffffffffffffffffffffff
6|24026280000000000000000000000000|24026280ffffffffffffffffffffffff
6|240262c0000000000000000000000000|240262c0ffffffffffffffffffffffff
6|24026320000000000000000000000000|24026320ffffffffffffffffffffffff
6|240264c0000000000000000000000000|240264c0ffffffffffffffffffffffff
6|240266c0000000000000000000000000|240266c0ffffffffffffffffffffffff
6|24026740000000000000000000000000|24026740ffffffffffffffffffffffff
6|240267c0000000000000000000000000|240267c0ffffffffffffffffffffffff
6|24026960000000000000000000000000|24026960ffffffffffffffffffffffff
6|24026a00000000000000000000000000|24026a00ffffffffffffffffffffffff
6|24026b40000000000000000000000000|24026b40ffffffffffffffffffffffff
6|24026bc0000000000000000000000000|24026bc0ffffffffffffffffffffffff
6|24026e00000000000000000000000000|24026e00ffffffffffffffffffffffff
6|24026e80000000000000000000000000|24026e80ffffffffffffffffffffffff
6|24026f40000000000000000000000000|24026f40ffffffffffffffffffffffff
6|24026fc0000000000000000000000000|24026fc0ffffffffffffffffffffffff
6|24027040000000000000000000000000|24027040ffffffffffffffffffffffff
6|24027080000000000000000000000000|24027080ffffffffffffffffffffffff
6|240270c0000000000000000000000000|240270c0ffffffffffffffffffffffff
6|24027140000000000000000000000000|24027140ffffffffffffffffffffffff
6|240271c0000000000000000000000000|240271c0ffffffffffffffffffffffff
6|24027240000000000000000000000000|24027240ffffffffffffffffffffffff
6|240272c0000000000000000000000000|240272c0ffffffffffffffffffffffff
6|24027540000000000000000000000000|24027540ffffffffffffffffffffffff
6|240275c0000000000000000000000000|240275c0ffffffffffffffffffffffff
6|24027740000000000000000000000000|24027740ffffffffffffffffffffffff
6|24027d00000000000000000000000000|24027d00ffffffffffffffffffffffff
6|24027d80000000000000000000000000|24027d80ffffffffffffffffffffffff
6|24028180000000000000000000000000|24028180ffffffffffffffffffffffff
6|24028300000000000000000000000000|24028300ffffffffffffffffffffffff
6|24028380000000000000000000000000|24028380ffffffffffffffffffffffff
6|240285c0000000000000000000000000|240285c0ffffffffffffffffffffffff
6|24028800000000000000000000000000|24028800ffffffffffffffffffffffff
6|24028840000000000000000000000000|24028840ffffffffffffffffffffffff
6|24028900000000000000000000000000|24028900ffffffffffffffffffffffff
6|24028940000000000000000000000000|24028940ffffffffffffffffffffffff
6|240289c0000000000000000000000000|240289c0ffffffffffffffffffffffff
6|24028b40000000000000000000000000|24028b40ffffffffffffffffffffffff
6|24028bc0000000000000000000000000|24028bc0ffffffffffffffffffffffff
6|24028cc0000000000000000000000000|24028cc0ffffffffffffffffffffffff
6|24028d40000000000000000000000000|24028d40ffffffffffffffffffffffff
6|24028f40000000000000000000000000|24028f40ffffffffffffffffffffffff
6|24028f80000000000000000000000000|24028f80ffffffffffffffffffffffff
6|24029240000000000000000000000000|24029240ffffffffffffffffffffffff
6|240292c0000000000000000000000000|240292c0ffffffffffffffffffffffff
6|240293c0000000000000000000000000|240293c0ffffffffffffffffffffffff
6|24029440000000000000000000000000|24029440ffffffffffffffffffffffff
6|24029480000000000000000000000000|24029480ffffffffffffffffffffffff
6|240294c0000000000000000000000000|240294c0ffffffffffffffffffffffff
6|24029580000000000000000000000000|24029580ffffffffffffffffffffffff
6|240295c0000000000000000000000000|240295c0ffffffffffffffffffffffff
6|24029680000000000000000000000000|24029680ffffffffffffffffffffffff
6|240296c0000000000000000000000000|240296c0ffffffffffffffffffffffff
6|24029840000000000000000000000000|24029840ffffffffffffffffffffffff
6|240298c0000000000000000000000000|240298c0ffffffffffffffffffffffff
6|24029940000000000000000000000000|24029940ffffffffffffffffffffffff
6|24029a80000000000000000000000000|24029a80ffffffffffffffffffffffff
6|24029b80000000000000000000000000|24029b80ffffffffffffffffffffffff
6|24029f80000000000000000000000000|24029f80ffffffffffffffffffffffff
6|24029fc0000000000000000000000000|24029fc0ffffffffffffffffffffffff
6|2402a080000000000000000000000000|2402a080ffffffffffffffffffffffff
6|2402a180000000000000000000000000|2402a180ffffffffffffffffffffffff
6|2402a200000000000000000000000000|2402a200ffffffffffffffffffffffff
6|2402a240000000000000000000000000|2402a240ffffffffffffffffffffffff
6|2402a280000000000000000000000000|2402a280ffffffffffffffffffffffff
6|2402a380000000000000000000000000|2402a380ffffffffffffffffffffffff
6|2402a640000000000000000000000000|2402a640ffffffffffffffffffffffff
6|2402a680000000000000000000000000|2402a680ffffffffffffffffffffffff
6|2402a6c0000000000000000000000000|2402a6c0ffffffffffffffffffffffff
6|2402a840000000000000000000000000|2402a840ffffffffffffffffffffffff
6|2402a880000000000000000000000000|2402a880ffffffffffffffffffffffff
6|2402aa80000000000000000000000000|2402aa80ffffffffffffffffffffffff
6|2402ab80000000000000000000000000|2402ab80ffffffffffffffffffffffff
6|2402ae00000000000000000000000000|2402ae00ffffffffffffffffffffffff
6|2402ae40000000000000000000000000|2402ae40ffffffffffffffffffffffff
6|2402aec0000000000000000000000000|2402aec0ffffffffffffffffffffffff
6|2402af80000000000000000000000000|2402af80ffffffffffffffffffffffff
6|2402afc0000000000000000000000000|2402afc0ffffffffffffffffffffffff
6|2402b080000000000000000000000000|2402b080ffffffffffffffffffffffff
6|2402b200000000000000000000000000|2402b200ffffffffffffffffffffffff
6|2402b440000000000000000000000000|2402b440ffffffffffffffffffffffff
6|2402b6c0000000000000000000000000|2402b6c0ffffffffffffffffffffffff
6|2402b880000000000000000000000000|2402b880ffffffffffffffffffffffff
6|2402b8c0000000000000000000000000|2402b8c0ffffffffffffffffffffffff
6|2402b940000000000000000000000000|2402b940ffffffffffffffffffffffff
6|2402b980000000000000000000000000|2402b980ffffffffffffffffffffffff
6|2402ba80000000000000000000000000|2402ba80ffffffffffffffffffffffff
6|2402bac0000000000000000000000000|2402bac0ffffffffffffffffffffffff
6|2402bbc0000000000000000000000000|2402bbc0ffffffffffffffffffffffff
6|2402bf80000000000000000000000000|2402bf80ffffffffffffffffffffffff
6|2402c280000000000000000000000000|2402c280ffffffffffffffffffffffff
6|2402c3c0000000000000000000000000|2402c3c0ffffffffffffffffffffffff
6|2402c5c0000000000000000000000000|2402c5c0ffffffffffffffffffffffff
6|2402c9c0000000000000000000000000|2402c9c0ffffffffffffffffffffffff
6|2402cc40000000000000000000000000|2402cc40ffffffffffffffffffffffff
6|2402cf00000000000000000000000000|2402cf00ffffffffffffffffffffffff
6|2402cf40000000000000000000000000|2402cf40ffffffffffffffffffffffff
6|2402d040000000000000000000000000|2402d040ffffffffffffffffffffffff
6|2402d140000000000000000000000000|2402d140ffffffffffffffffffffffff
6|2402d2c0000000000000000000000000|2402d2c0ffffffffffffffffffffffff
6|2402d300000000000000000000000000|2402d300ffffffffffffffffffffffff
6|2402d340000000000000000000000000|2402d340ffffffffffffffffffffffff
6|2402d380000000000000000000000000|2402d380ffffffffffffffffffffffff
6|2402d5c0000000000000000000000000|2402d5c0ffffffffffffffffffffffff
6|2402d6c0000000000000000000000000|2402d6c0ffffffffffffffffffffffff
6|2402d740000000000000000000000000|2402d740ffffffffffffffffffffffff
6|2402d780000000000000000000000000|2402d780ffffffffffffffffffffffff
6|2402d880000000000000000000000000|2402d880ffffffffffffffffffffffff
6|2402d980000000000000000000000000|2402d980ffffffffffffffffffffffff
6|2402da40000000000000000000000000|2402da40ffffffffffffffffffffffff
6|2402db40000000000000000000000000|2402db40ffffffffffffffffffffffff
6|2402dcc0000000000000000000000000|2402dcc0ffffffffffffffffffffffff
6|2402de40000000000000000000000000|2402de40ffffffffffffffffffffffff
6|2402dec0000000000000000000000000|2402dec0ffffffffffffffffffffffff
6|2402df40000000000000000000000000|2402df40ffffffffffffffffffffffff
6|2402dfc0000000000000000000000000|2402dfc0ffffffffffffffffffffffff
6|2402e040000000000000000000000000|2402e040ffffffffffffffffffffffff
6|2402e0c0000000000000000000000000|2402e0c0ffffffffffffffffffffffff
6|2402e140000000000000000000000000|2402e140ffffffffffffffffffffffff
6|2402e2c0000000000000000000000000|2402e2c0ffffffffffffffffffffffff
6|2402e3c0000000000000000000000000|2402e3c0ffffffffffffffffffffffff
6|2402e480000000000000000000000000|2402e480ffffffffffffffffffffffff
6|2402e540000000000000000000000000|2402e540ffffffffffffffffffffffff
6|2402e680000000000000000000000000|2402e680ffffffffffffffffffffffff
6|2402e740000000000000000000000000|2402e740ffffffffffffffffffffffff
6|2402e780000000000000000000000000|2402e780ffffffffffffffffffffffff
6|2402e7c0000000000000000000000000|2402e7c0ffffffffffffffffffffffff
6|2402e880000000000000000000000000|2402e880ffffffffffffffffffffffff
6|2402e980000000000000000000000000|2402e980ffffffffffffffffffffffff
6|2402eb80000000000000000000000000|2402eb80ffffffffffffffffffffffff
6|2402ec80000000000000000000000000|2402ec80ffffffffffffffffffffffff
6|2402ed80000000000000000000000000|2402ed80ffffffffffffffffffffffff
6|2402ef40000000000000000000000000|2402ef40ffffffffffffffffffffffff
6|2402ef80000000000000000000000000|2402ef80ffffffffffffffffffffffff
6|2402f000000000000000000000000000|2402f000ffffffffffffffffffffffff
6|2402f140000000000000000000000000|2402f140ffffffffffffffffffffffff
6|2402f480000000000000000000000000|2402f480ffffffffffffffffffffffff
6|2402f540000000000000000000000000|2402f540ffffffffffffffffffffffff
6|2402f580000000000000000000000000|2402f580ffffffffffffffffffffffff
6|2402f780000000000000000000000000|2402f780ffffffffffffffffffffffff
6|2402f8c0000000000000000000000000|2402f8c0ffffffffffffffffffffffff
6|2402f980000000000000000000000000|2402f980ffffffffffffffffffffffff
6|2402f9c0000000000000000000000000|2402f9c0ffffffffffffffffffffffff
6|2402fac0000000000000000000000000|2402fac0ffffffffffffffffffffffff
6|2402fcc0000000000000000000000000|2402fcc0ffffffffffffffffffffffff
6|2402ff40000000000000000000000000|2402ff40ffffffffffffffffffffffff
6|2402ffc0000000000000000000000000|2402ffc0ffffffffffffffffffffffff
6|24030600000000000000000000000000|24030600ffffffffffffffffffffffff
6|24030700000000000000000000000000|24030700ffffffffffffffffffffffff
6|240307c0000000000000000000000000|240307c0ffffffffffffffffffffffff
6|24030800000000000000000000000000|24030801ffffffffffffffffffffffff
6|24030980000000000000000000000000|24030980ffffffffffffffffffffffff
6|24030a80000000000000000000000000|24030a80ffffffffffffffffffffffff
6|24030b80000000000000000000000000|24030b80ffffffffffffffffffffffff
6|24030c80000000000000000000000000|24030c80ffffffffffffffffffffffff
6|24030d40000000000000000000000000|24030d40ffffffffffffffffffffffff
6|24030d80000000000000000000000000|24030d80ffffffffffffffffffffffff
6|24030e80000000000000000000000000|24030e80ffffffffffffffffffffffff
6|24030f00000000000000000000000000|24030f00ffffffffffffffffffffffff
6|24030f80000000000000000000000000|24030f80ffffffffffffffffffffffff
6|24030fc0000000000000000000000000|24030fc0ffffffffffffffffffffffff
6|24031180000000000000000000000000|24031180ffffffffffffffffffffffff
6|24031340000000000000000000000000|24031340ffffffffffffffffffffffff
6|24031440000000000000000000000000|24031440ffffffffffffffffffffffff
6|24031580000000000000000000000000|24031580ffffffffffffffffffffffff
6|240316c0000000000000000000000000|240316c0ffffffffffffffffffffffff
6|240317c0000000000000000000000000|240317c0ffffffffffffffffffffffff
6|24031980000000000000000000000000|24031980ffffffffffffffffffffffff
6|24031b80000000000000000000000000|24031b80ffffffffffffffffffffffff
6|24031c80000000000000000000000000|24031c80ffffffffffffffffffffffff
6|24031d80000000000000000000000000|24031d80ffffffffffffffffffffffff
6|24031dc0000000000000000000000000|24031dc0ffffffffffffffffffffffff
6|24031e80000000000000000000000000|24031e80ffffffffffffffffffffffff
6|24031ec0000000000000000000000000|24031ec0ffffffffffffffffffffffff
6|24031f80000000000000000000000000|24031f80ffffffffffffffffffffffff
6|24032040000000000000000000000000|24032040ffffffffffffffffffffffff
6|24032080000000000000000000000000|24032080ffffffffffffffffffffffff
6|24032180000000000000000000000000|24032180ffffffffffffffffffffffff
6|24032240000000000000000000000000|24032240ffffffffffffffffffffffff
6|24032280000000000000000000000000|24032280ffffffffffffffffffffffff
6|24032380000000000000000000000000|24032380ffffffffffffffffffffffff
6|24032440000000000000000000000000|24032440ffffffffffffffffffffffff
6|240324c0000000000000000000000000|240324c0ffffffffffffffffffffffff
6|24032580000000000000000000000000|24032580ffffffffffffffffffffffff
6|240325c0000000000000000000000000|240325c0ffffffffffffffffffffffff
6|24032680000000000000000000000000|24032680ffffffffffffffffffffffff
6|24032740000000000000000000000000|24032740ffffffffffffffffffffffff
6|24032780000000000000000000000000|24032780ffffffffffffffffffffffff
6|240328c0000000000000000000000000|240328c0ffffffffffffffffffffffff
6|24032940000000000000000000000000|24032940ffffffffffffffffffffffff
6|24032a00000000000000000000000000|24032a00ffffffffffffffffffffffff
6|24032a40000000000000000000000000|24032a40ffffffffffffffffffffffff
6|24032ac0000000000000000000000000|24032ac0ffffffffffffffffffffffff
6|24032b40000000000000000000000000|24032b40ffffffffffffffffffffffff
6|24032bc0000000000000000000000000|24032bc0ffffffffffffffffffffffff
6|24032cc0000000000000000000000000|24032cc0ffffffffffffffffffffffff
6|24032f40000000000000000000000000|24032f40ffffffffffffffffffffffff
6|24032fc0000000000000000000000000|24032fc0ffffffffffffffffffffffff
6|24033040000000000000000000000000|24033040ffffffffffffffffffffffff
6|240330c0000000000000000000000000|240330c0ffffffffffffffffffffffff
6|24033140000000000000000000000000|24033140ffffffffffffffffffffffff
6|24033280000000000000000000000000|24033280ffffffffffffffffffffffff
6|240332c0000000000000000000000000|240332c0ffffffffffffffffffffffff
6|24033380000000000000000000000000|24033380ffffffffffffffffffffffff
6|24033480000000000000000000000000|24033480ffffffffffffffffffffffff
6|24033580000000000000000000000000|24033580ffffffffffffffffffffffff
6|24033640000000000000000000000000|24033640ffffffffffffffffffffffff
6|24033680000000000000000000000000|24033680ffffffffffffffffffffffff
6|240336c0000000000000000000000000|240336c0ffffffffffffffffffffffff
6|24033740000000000000000000000000|24033740ffffffffffffffffffffffff
6|24033780000000000000000000000000|24033780ffffffffffffffffffffffff
6|240337c0000000000000000000000000|240337c0ffffffffffffffffffffffff
6|24033840000000000000000000000000|24033840ffffffffffffffffffffffff
6|24033880000000000000000000000000|24033880ffffffffffffffffffffffff
6|240338c0000000000000000000000000|240338c0ffffffffffffffffffffffff
6|24033940000000000000000000000000|24033940ffffffffffffffffffffffff
6|24033980000000000000000000000000|24033980ffffffffffffffffffffffff
6|240339c0000000000000000000000000|240339c0ffffffffffffffffffffffff
6|24033a40000000000000000000000000|24033a40ffffffffffffffffffffffff
6|24033b40000000000000000000000000|24033b40ffffffffffffffffffffffff
6|24033b80000000000000000000000000|24033b80ffffffffffffffffffffffff
6|24033bc0000000000000000000000000|24033bc0ffffffffffffffffffffffff
6|24033c40000000000000000000000000|24033c40ffffffffffffffffffffffff
6|24033c80000000000000000000000000|24033c80ffffffffffffffffffffffff
6|24033cc0000000000000000000000000|24033cc0ffffffffffffffffffffffff
6|24033d40000000000000000000000000|24033d40ffffffffffffffffffffffff
6|24033d80000000000000000000000000|24033d80ffffffffffffffffffffffff
6|24033dc0000000000000000000000000|24033dc0ffffffffffffffffffffffff
6|24033e80000000000000000000000000|24033e80ffffffffffffffffffffffff
6|24033ec0000000000000000000000000|24033ec0ffffffffffffffffffffffff
6|24033f80000000000000000000000000|24033f80ffffffffffffffffffffffff
6|24034080000000000000000000000000|24034080ffffffffffffffffffffffff
6|24034180000000000000000000000000|24034180ffffffffffffffffffffffff
6|24034240000000000000000000000000|24034240ffffffffffffffffffffffff
6|24034280000000000000000000000000|24034280ffffffffffffffffffffffff
6|24034300000000000000000000000000|24034300ffffffffffffffffffffffff
6|24034380000000000000000000000000|24034380ffffffffffffffffffffffff
6|24034580000000000000000000000000|24034580ffffffffffffffffffffffff
6|24034680000000000000000000000000|24034680ffffffffffffffffffffffff
6|24034780000000000000000000000000|24034780ffffffffffffffffffffffff
6|24034840000000000000000000000000|24034840ffffffffffffffffffffffff
6|24034880000000000000000000000000|24034880ffffffffffffffffffffffff
6|24034980000000000000000000000000|24034980ffffffffffffffffffffffff
6|24034a40000000000000000000000000|24034a40ffffffffffffffffffffffff
6|24034a80000000000000000000000000|24034a80ffffffffffffffffffffffff
6|24034b40000000000000000000000000|24034b40ffffffffffffffffffffffff
6|24034b80000000000000000000000000|24034b80ffffffffffffffffffffffff
6|24034c80000000000000000000000000|24034c80ffffffffffffffffffffffff
6|24034cc0000000000000000000000000|24034cc0ffffffffffffffffffffffff
6|24034d80000000000000000000000000|24034d80ffffffffffffffffffffffff
6|24034ec0000000000000000000000000|24034ec0ffffffffffffffffffffffff
6|24035040000000000000000000000000|24035040ffffffffffffffffffffffff
6|24035080000000000000000000000000|24035080ffffffffffffffffffffffff
6|24035280000000000000000000000000|24035280ffffffffffffffffffffffff
6|24035380000000000000000000000000|24035380ffffffffffffffffffffffff
6|240354c0000000000000000000000000|240354c0ffffffffffffffffffffffff
6|24035540000000000000000000000000|24035540ffffffffffffffffffffffff
6|24035580000000000000000000000000|24035580ffffffffffffffffffffffff
6|24035640000000000000000000000000|24035640ffffffffffffffffffffffff
6|24035780000000000000000000000000|24035780ffffffffffffffffffffffff
6|240358c0000000000000000000000000|240358c0ffffffffffffffffffffffff
6|24035980000000000000000000000000|24035980ffffffffffffffffffffffff
6|24035a80000000000000000000000000|24035a80ffffffffffffffffffffffff
6|24035b40000000000000000000000000|24035b40ffffffffffffffffffffffff
6|24035b80000000000000000000000000|24035b80ffffffffffffffffffffffff
6|24035c80000000000000000000000000|24035c80ffffffffffffffffffffffff
6|24035d80000000000000000000000000|24035d80ffffffffffffffffffffffff
6|24035e40000000000000000000000000|24035e40ffffffffffffffffffffffff
6|24035e80000000000000000000000000|24035e80ffffffffffffffffffffffff
6|24035ec0000000000000000000000000|24035ec0ffffffffffffffffffffffff
6|24035f80000000000000000000000000|24035f80ffffffffffffffffffffffff
6|24035fc0000000000000000000000000|24035fc0ffffffffffffffffffffffff
6|24036080000000000000000000000000|24036080ffffffffffffffffffffffff
6|24036180000000000000000000000000|24036180ffffffffffffffffffffffff
6|24036280000000000000000000000000|24036280ffffffffffffffffffffffff
6|240362c0000000000000000000000000|240362c0ffffffffffffffffffffffff
6|24036380000000000000000000000000|24036380ffffffffffffffffffffffff
6|24036580000000000000000000000000|24036580ffffffffffffffffffffffff
6|24036680000000000000000000000000|24036680ffffffffffffffffffffffff
6|24036740000000000000000000000000|24036740ffffffffffffffffffffffff
6|24036780000000000000000000000000|24036780ffffffffffffffffffffffff
6|24036880000000000000000000000000|24036880ffffffffffffffffffffffff
6|24036980000000000000000000000000|24036980ffffffffffffffffffffffff
6|24036a00000000000000000000000000|24036a00ffffffffffffffffffffffff
6|24036c80000000000000000000000000|24036c80ffffffffffffffffffffffff
6|24036d40000000000000000000000000|24036d40ffffffffffffffffffffffff
6|24036d80000000000000000000000000|24036d80ffffffffffffffffffffffff
6|24036e80000000000000000000000000|24036e80ffffffffffffffffffffffff
6|24036f40000000000000000000000000|24036f40ffffffffffffffffffffffff
6|24036fc0000000000000000000000000|24036fc0ffffffffffffffffffffffff
6|24037040000000000000000000000000|24037040ffffffffffffffffffffffff
6|24037080000000000000000000000000|24037080ffffffffffffffffffffffff
6|24037180000000000000000000000000|24037180ffffffffffffffffffffffff
6|24037280000000000000000000000000|24037280ffffffffffffffffffffffff
6|24037380000000000000000000000000|24037380ffffffffffffffffffffffff
6|24037480000000000000000000000000|24037480ffffffffffffffffffffffff
6|24037540000000000000000000000000|24037540ffffffffffffffffffffffff
6|24037580000000000000000000000000|24037580ffffffffffffffffffffffff
6|240376c0000000000000000000000000|240376c0ffffffffffffffffffffffff
6|24037700000000000000000000000000|24037700ffffffffffffffffffffffff
6|240378c0000000000000000000000000|240378c0ffffffffffffffffffffffff
6|24037a80000000000000000000000000|24037a80ffffffffffffffffffffffff
6|24037b00000000000000000000000000|24037b00ffffffffffffffffffffffff
6|24037d80000000000000000000000000|24037d80ffffffffffffffffffffffff
6|24037e80000000000000000000000000|24037e80ffffffffffffffffffffffff
6|24037f80000000000000000000000000|24037f80ffffffffffffffffffffffff
6|24038080000000000000000000000000|24038080ffffffffffffffffffffffff
6|24038180000000000000000000000000|24038180ffffffffffffffffffffffff
6|24038280000000000000000000000000|24038280ffffffffffffffffffffffff
6|24038380000000000000000000000000|24038380ffffffffffffffffffffffff
6|240383c0000000000000000000000000|240383c0ffffffffffffffffffffffff
6|24038480000000000000000000000000|24038480ffffffffffffffffffffffff
6|24038580000000000000000000000000|24038580ffffffffffffffffffffffff
6|24038880000000000000000000000000|24038880ffffffffffffffffffffffff
6|24038900000000000000000000000000|24038900ffffffffffffffffffffffff
6|24038980000000000000000000000000|24038980ffffffffffffffffffffffff
6|24038a40000000000000000000000000|24038a40ffffffffffffffffffffffff
6|24038a80000000000000000000000000|24038a80ffffffffffffffffffffffff
6|24038b00000000000000000000000000|24038b00ffffffffffffffffffffffff
6|24038b80000000000000000000000000|24038b80ffffffffffffffffffffffff
6|24038c00000000000000000000000000|24038c00ffffffffffffffffffffffff
6|24038c80000000000000000000000000|24038c80ffffffffffffffffffffffff
6|24038d00000000000000000000000000|24038d00ffffffffffffffffffffffff
6|24038d80000000000000000000000000|24038d80ffffffffffffffffffffffff
6|24039080000000000000000000000000|24039080ffffffffffffffffffffffff
6|24039180000000000000000000000000|24039180ffffffffffffffffffffffff
6|24039280000000000000000000000000|24039280ffffffffffffffffffffffff
6|24039380000000000000000000000000|24039380ffffffffffffffffffffffff
6|24039480000000000000000000000000|24039480ffffffffffffffffffffffff
6|24039580000000000000000000000000|24039580ffffffffffffffffffffffff
6|24039680000000000000000000000000|24039680ffffffffffffffffffffffff
6|24039780000000000000000000000000|24039780ffffffffffffffffffffffff
6|24039880000000000000000000000000|24039880ffffffffffffffffffffffff
6|24039a80000000000000000000000000|24039a80ffffffffffffffffffffffff
6|24039ac0000000000000000000000000|24039ac0ffffffffffffffffffffffff
6|24039b00000000000000000000000000|24039b00ffffffffffffffffffffffff
6|24039b40000000000000000000000000|24039b40ffffffffffffffffffffffff
6|24039b80000000000000000000000000|24039b80ffffffffffffffffffffffff
6|24039c80000000000000000000000000|24039c80ffffffffffffffffffffffff
6|24039d00000000000000000000000000|24039d00ffffffffffffffffffffffff
6|24039d80000000000000000000000000|24039d80ffffffffffffffffffffffff
6|24039e40000000000000000000000000|24039e40ffffffffffffffffffffffff
6|24039e80000000000000000000000000|24039e80ffffffffffffffffffffffff
6|24039ec0000000000000000000000000|24039ec0ffffffffffffffffffffffff
6|24039f80000000000000000000000000|24039f80ffffffffffffffffffffffff
6|2403a100000000000000000000000000|2403a100ffffffffffffffffffffffff
6|2403a140000000000000000000000000|2403a140ffffffffffffffffffffffff
6|2403a200000000000000000000000000|2403a200ffffffffffffffffffffffff
6|2403a300000000000000000000000000|2403a300ffffffffffffffffffffffff
6|2403a480000000000000000000000000|2403a480ffffffffffffffffffffffff
6|2403a580000000000000000000000000|2403a580ffffffffffffffffffffffff
6|2403a680000000000000000000000000|2403a680ffffffffffffffffffffffff
6|2403a6c0000000000000000000000000|2403a6c0ffffffffffffffffffffffff
6|2403a780000000000000000000000000|2403a780ffffffffffffffffffffffff
6|2403a880000000000000000000000000|2403a880ffffffffffffffffffffffff
6|2403a940000000000000000000000000|2403a940ffffffffffffffffffffffff
6|2403a980000000000000000000000000|2403a980ffffffffffffffffffffffff
6|2403a9c0000000000000000000000000|2403a9c0ffffffffffffffffffffffff
6|2403aa40000000000000000000000000|2403aa40ffffffffffffffffffffffff
6|2403aa80000000000000000000000000|2403aa80ffffffffffffffffffffffff
6|2403ab80000000000000000000000000|2403ab80ffffffffffffffffffffffff
6|2403ac00000000000000000000000000|2403ac00ffffffffffffffffffffffff
6|2403af80000000000000000000000000|2403af80ffffffffffffffffffffffff
6|2403b080000000000000000000000000|2403b080ffffffffffffffffffffffff
6|2403b180000000000000000000000000|2403b180ffffffffffffffffffffffff
6|2403b280000000000000000000000000|2403b280ffffffffffffffffffffffff
6|2403b380000000000000000000000000|2403b380ffffffffffffffffffffffff
6|2403b400000000000000000000000000|2403b400ffffffffffffffffffffffff
6|2403b480000000000000000000000000|2403b480ffffffffffffffffffffffff
6|2403b580000000000000000000000000|2403b580ffffffffffffffffffffffff
6|2403b680000000000000000000000000|2403b680ffffffffffffffffffffffff
6|2403b780000000000000000000000000|2403b780ffffffffffffffffffffffff
6|2403b880000000000000000000000000|2403b880ffffffffffffffffffffffff
6|2403b980000000000000000000000000|2403b980ffffffffffffffffffffffff
6|2403ba40000000000000000000000000|2403ba40ffffffffffffffffffffffff
6|2403c040000000000000000000000000|2403c040ffffffffffffffffffffffff
6|2403c080000000000000000000000000|2403c080ffffffffffffffffffffffff
6|2403c100000000000000000000000000|2403c100ffffffffffffffffffffffff
6|2403c140000000000000000000000000|2403c140ffffffffffffffffffffffff
6|2403c180000000000000000000000000|2403c180ffffffffffffffffffffffff
6|2403c3c0000000000000000000000000|2403c3c0ffffffffffffffffffffffff
6|2403c440000000000000000000000000|2403c440ffffffffffffffffffffffff
6|2403c480000000000000000000000000|2403c480ffffffffffffffffffffffff
6|2403c4c0000000000000000000000000|2403c4c0ffffffffffffffffffffffff
6|2403c980000000000000000000000000|2403c980ffffffffffffffffffffffff
6|2403cdc0000000000000000000000000|2403cdc0ffffffffffffffffffffffff
6|2403cec0000000000000000000000000|2403cec0ffffffffffffffffffffffff
6|2403cf80000000000000000000000000|2403cf80ffffffffffffffffffffffff
6|2403d080000000000000000000000000|2403d080ffffffffffffffffffffffff
6|2403d180000000000000000000000000|2403d180ffffffffffffffffffffffff
6|2403d280000000000000000000000000|2403d280ffffffffffffffffffffffff
6|2403d2c0000000000000000000000000|2403d2c0ffffffffffffffffffffffff
6|2403d380000000000000000000000000|2403d380ffffffffffffffffffffffff
6|2403d400000000000000000000000000|2403d400ffffffffffffffffffffffff
6|2403d440000000000000000000000000|2403d440ffffffffffffffffffffffff
6|2403d480000000000000000000000000|2403d480ffffffffffffffffffffffff
6|2403d580000000000000000000000000|2403d580ffffffffffffffffffffffff
6|2403d680000000000000000000000000|2403d680ffffffffffffffffffffffff
6|2403d780000000000000000000000000|2403d780ffffffffffffffffffffffff
6|2403d7c0000000000000000000000000|2403d7c0ffffffffffffffffffffffff
6|2403d880000000000000000000000000|2403d880ffffffffffffffffffffffff
6|2403d980000000000000000000000000|2403d980ffffffffffffffffffffffff
6|2403d9c0000000000000000000000000|2403d9c0ffffffffffffffffffffffff
6|2403da80000000000000000000000000|2403da80ffffffffffffffffffffffff
6|2403dac0000000000000000000000000|2403dac0ffffffffffffffffffffffff
6|2403db00000000000000000000000000|2403db00ffffffffffffffffffffffff
6|2403db80000000000000000000000000|2403db80ffffffffffffffffffffffff
6|2403dc80000000000000000000000000|2403dc80ffffffffffffffffffffffff
6|2403dd80000000000000000000000000|2403dd80ffffffffffffffffffffffff
6|2403de80000000000000000000000000|2403de80ffffffffffffffffffffffff
6|2403df80000000000000000000000000|2403df80ffffffffffffffffffffffff
6|2403e080000000000000000000000000|2403e080ffffffffffffffffffffffff
6|2403e180000000000000000000000000|2403e180ffffffffffffffffffffffff
6|2403e280000000000000000000000000|2403e280ffffffffffffffffffffffff
6|2403e300000000000000000000000000|2403e300ffffffffffffffffffffffff
6|2403e480000000000000000000000000|2403e480ffffffffffffffffffffffff
6|2403e500000000000000000000000000|2403e500ffffffffffffffffffffffff
6|2403e580000000000000000000000000|2403e580ffffffffffffffffffffffff
6|2403e640000000000000000000000000|2403e640ffffffffffffffffffffffff
6|2403e680000000000000000000000000|2403e680ffffffffffffffffffffffff
6|2403e700000000000000000000000000|2403e700ffffffffffffffffffffffff
6|2403e780000000000000000000000000|2403e780ffffffffffffffffffffffff
6|2403e7c0000000000000000000000000|2403e7c0ffffffffffffffffffffffff
6|2403e880000000000000000000000000|2403e880ffffffffffffffffffffffff
6|2403e980000000000000000000000000|2403e980ffffffffffffffffffffffff
6|2403ea80000000000000000000000000|2403ea80ffffffffffffffffffffffff
6|2403eac0000000000000000000000000|2403eac0ffffffffffffffffffffffff
6|2403eb80000000000000000000000000|2403eb80ffffffffffffffffffffffff
6|2403ec80000000000000000000000000|2403ec80ffffffffffffffffffffffff
6|2403ed00000000000000000000000000|2403ed00ffffffffffffffffffffffff
6|2403ed40000000000000000000000000|2403ed40ffffffffffffffffffffffff
6|2403ed80000000000000000000000000|2403ed80ffffffffffffffffffffffff
6|2403ee80000000000000000000000000|2403ee80ffffffffffffffffffffffff
6|2403ef80000000000000000000000000|2403ef80ffffffffffffffffffffffff
6|2403f080000000000000000000000000|2403f080ffffffffffffffffffffffff
6|2403f100000000000000000000000000|2403f100ffffffffffffffffffffffff
6|2403f180000000000000000000000000|2403f180ffffffffffffffffffffffff
6|2403f240000000000000000000000000|2403f240ffffffffffffffffffffffff
6|2403f280000000000000000000000000|2403f280ffffffffffffffffffffffff
6|2403f300000000000000000000000000|2403f300ffffffffffffffffffffffff
6|2403f380000000000000000000000000|2403f380ffffffffffffffffffffffff
6|2403f4c0000000000000000000000000|2403f4c0ffffffffffffffffffffffff
6|2403f580000000000000000000000000|2403f580ffffffffffffffffffffffff
6|2403f740000000000000000000000000|2403f740ffffffffffffffffffffffff
6|2403f8c0000000000000000000000000|2403f8c0ffffffffffffffffffffffff
6|2403f980000000000000000000000000|2403f980ffffffffffffffffffffffff
6|2403fb00000000000000000000000000|2403fb00ffffffffffffffffffffffff
6|2403fb80000000000000000000000000|2403fb80ffffffffffffffffffffffff
6|2403fc40000000000000000000000000|2403fc40ffffffffffffffffffffffff
6|2403fe40000000000000000000000000|2403fe40ffffffffffffffffffffffff
6|2403fe80000000000000000000000000|2403fe80ffffffffffffffffffffffff
6|2403fec0000000000000000000000000|2403fec0ffffffffffffffffffffffff
6|2403ff80000000000000000000000000|2403ff80ffffffffffffffffffffffff
6|2403ffc0000000000000000000000000|2403ffc1ffffffffffffffffffffffff
6|24040100000000000000000000000000|24040100ffffffffffffffffffffffff
6|24040158000000000000000000000000|24040158ffffffffffffffffffffffff
6|24040240000000000000000000000000|24040240ffffffffffffffffffffffff
6|24040280000000000000000000000000|24040280ffffffffffffffffffffffff
6|24040440000000000000000000000000|24040440ffffffffffffffffffffffff
6|24040480000000000000000000000000|24040480ffffffffffffffffffffffff
6|24040680000000000000000000000000|24040680ffffffffffffffffffffffff
6|24040a80000000000000000000000000|24040a80ffffffffffffffffffffffff
6|24040b80000000000000000000000000|24040b80ffffffffffffffffffffffff
6|24040bc0000000000000000000000000|24040bc0ffffffffffffffffffffffff
6|24040c40000000000000000000000000|24040c40ffffffffffffffffffffffff
6|24040d80000000000000000000000000|24040d80ffffffffffffffffffffffff
6|24040f00000000000000000000000000|24040f00ffffffffffffffffffffffff
6|24040f80000000000000000000000000|24040f80ffffffffffffffffffffffff
6|24041080000000000000000000000000|24041080ffffffffffffffffffffffff
6|240410c0000000000000000000000000|240410c0ffffffffffffffffffffffff
6|24041180000000000000000000000000|24041180ffffffffffffffffffffffff
6|240414c0000000000000000000000000|240414c0ffffffffffffffffffffffff
6|24041880000000000000000000000000|24041880ffffffffffffffffffffffff
6|24041c80000000000000000000000000|24041c80ffffffffffffffffffffffff
6|24041cc0000000000000000000000000|24041cc0ffffffffffffffffffffffff
6|24041d80000000000000000000000000|24041d80ffffffffffffffffffffffff
6|24041e80000000000000000000000000|24041e80ffffffffffffffffffffffff
6|24041f40000000000000000000000000|24041f40ffffffffffffffffffffffff
6|240421c0000000000000000000000000|240421c0ffffffffffffffffffffffff
6|240430c0000000000000000000000000|240430c0ffffffffffffffffffffffff
6|24043140000000000000000000000000|24043140ffffffffffffffffffffffff
6|240431c0000000000000000000000000|240431c0ffffffffffffffffffffffff
6|24043240000000000000000000000000|24043240ffffffffffffffffffffffff
6|240432c0000000000000000000000000|240432c0ffffffffffffffffffffffff
6|24043300000000000000000000000000|24043300ffffffffffffffffffffffff
6|24043340000000000000000000000000|24043340ffffffffffffffffffffffff
6|24043480000000000000000000000000|24043480ffffffffffffffffffffffff
6|240435c0000000000000000000000000|240435c0ffffffffffffffffffffffff
6|24043640000000000000000000000000|24043640ffffffffffffffffffffffff
6|240436c0000000000000000000000000|240436c0ffffffffffffffffffffffff
6|24043700000000000000000000000000|24043700ffffffffffffffffffffffff
6|24043740000000000000000000000000|24043740ffffffffffffffffffffffff
6|240437c0000000000000000000000000|240437c0ffffffffffffffffffffffff
6|24043840000000000000000000000000|24043840ffffffffffffffffffffffff
6|24043940000000000000000000000000|24043940ffffffffffffffffffffffff
6|24043bc0000000000000000000000000|24043bc0ffffffffffffffffffffffff
6|24043c40000000000000000000000000|24043c40ffffffffffffffffffffffff
6|24043f40000000000000000000000000|24043f40ffffffffffffffffffffffff
6|240441c0000000000000000000000000|240441c0ffffffffffffffffffffffff
6|24044540000000000000000000000000|24044540ffffffffffffffffffffffff
6|24044740000000000000000000000000|24044740ffffffffffffffffffffffff
6|24044d00000000000000000000000000|24044d00ffffffffffffffffffffffff
6|24044dc0000000000000000000000000|24044dc0ffffffffffffffffffffffff
6|240451c0000000000000000000000000|240451c0ffffffffffffffffffffffff
6|24045640000000000000000000000000|24045640ffffffffffffffffffffffff
6|24045a80000000000000000000000000|24045a80ffffffffffffffffffffffff
6|24045b00000000000000000000000000|24045b00ffffffffffffffffffffffff
6|24045d00000000000000000000000000|24045d00ffffffffffffffffffffffff
6|24046000000000000000000000000000|24046000ffffffffffffffffffffffff
6|24046100000000000000000000000000|24046100ffffffffffffffffffffffff
6|24046380000000000000000000000000|24046380ffffffffffffffffffffffff
6|24046500000000000000000000000000|24046500ffffffffffffffffffffffff
6|240465c0000000000000000000000000|240465c0ffffffffffffffffffffffff
6|24046a40000000000000000000000000|24046a40ffffffffffffffffffffffff
6|24046f80000000000000000000000000|24046f80ffffffffffffffffffffffff
6|24047100000000000000000000000000|24047100ffffffffffffffffffffffff
6|24047180000000000000000000000000|24047180ffffffffffffffffffffffff
6|240471c0000000000000000000000000|240471c0ffffffffffffffffffffffff
6|24047240000000000000000000000000|24047240ffffffffffffffffffffffff
6|240474c0000000000000000000000000|240474c0ffffffffffffffffffffffff
6|24047600000000000000000000000000|24047600ffffffffffffffffffffffff
6|24047740000000000000000000000000|24047740ffffffffffffffffffffffff
6|24047940000000000000000000000000|24047940ffffffffffffffffffffffff
6|24047d00000000000000000000000000|24047d00ffffffffffffffffffffffff
6|24048040000000000000000000000000|24048040ffffffffffffffffffffffff
6|240480c0000000000000000000000000|240480c0ffffffffffffffffffffffff
6|24048140000000000000000000000000|24048140ffffffffffffffffffffffff
6|240481c0000000000000000000000000|240481c0ffffffffffffffffffffffff
6|24048480000000000000000000000000|24048480ffffffffffffffffffffffff
6|24048580000000000000000000000000|24048580ffffffffffffffffffffffff
6|24048700000000000000000000000000|24048700ffffffffffffffffffffffff
6|24048880000000000000000000000000|24048880ffffffffffffffffffffffff
6|24048a80000000000000000000000000|24048a80ffffffffffffffffffffffff
6|24048dc0000000000000000000000000|24048dc0ffffffffffffffffffffffff
6|24049340000000000000000000000000|24049340ffffffffffffffffffffffff
6|24049b80000000000000000000000000|24049b80ffffffffffffffffffffffff
6|24049c80000000000000000000000000|24049c80ffffffffffffffffffffffff
6|2404a000000000000000000000000000|2404a000ffffffffffffffffffffffff
6|2404a080000000000000000000000000|2404a080ffffffffffffffffffffffff
6|2404a0c0000000000000000000000000|2404a0c0ffffffffffffffffffffffff
6|2404a180000000000000000000000000|2404a180ffffffffffffffffffffffff
6|2404a240000000000000000000000000|2404a240ffffffffffffffffffffffff
6|2404a740000000000000000000000000|2404a740ffffffffffffffffffffffff
6|2404b100000000000000000000000000|2404b100ffffffffffffffffffffffff
6|2404b340000000000000000000000000|2404b340ffffffffffffffffffffffff
6|2404b3c0000000000000000000000000|2404b3c0ffffffffffffffffffffffff
6|2404b440000000000000000000000000|2404b440ffffffffffffffffffffffff
6|2404b4c0000000000000000000000000|2404b4c0ffffffffffffffffffffffff
6|2404b900000000000000000000000000|2404b900ffffffffffffffffffffffff
6|2404bbc0000000000000000000000000|2404bbc0ffffffffffffffffffffffff
6|2404bc40000000000000000000000000|2404bc40ffffffffffffffffffffffff
6|2404c1c0000000000000000000000000|2404c1c0ffffffffffffffffffffffff
6|2404c240000000000000000000000000|2404c240ffffffffffffffffffffffff
6|2404c2c0000000000000000000000000|2404c2c0ffffffffffffffffffffffff
6|2404c300000000000000000000000000|2404c300ffffffffffffffffffffffff
6|2404c3c0000000000000000000000000|2404c3c0ffffffffffffffffffffffff
6|2404c440000000000000000000000000|2404c440ffffffffffffffffffffffff
6|2404c4c0000000000000000000000000|2404c4c0ffffffffffffffffffffffff
6|2404c540000000000000000000000000|2404c540ffffffffffffffffffffffff
6|2404c5c0000000000000000000000000|2404c5c0ffffffffffffffffffffffff
6|2404c640000000000000000000000000|2404c640ffffffffffffffffffffffff
6|2404c940000000000000000000000000|2404c940ffffffffffffffffffffffff
6|2404c9c0000000000000000000000000|2404c9c0ffffffffffffffffffffffff
6|2404cd00000000000000000000000000|2404cd00ffffffffffffffffffffffff
6|2404d040000000000000000000000000|2404d040ffffffffffffffffffffffff
6|2404d080000000000000000000000000|2404d080ffffffffffffffffffffffff
6|2404d140000000000000000000000000|2404d140ffffffffffffffffffffffff
6|2404d280000000000000000000000000|2404d280ffffffffffffffffffffffff
6|2404d3c0000000000000000000000000|2404d3c0ffffffffffffffffffffffff
6|2404d640000000000000000000000000|2404d640ffffffffffffffffffffffff
6|2404d6c0000000000000000000000000|2404d6c0ffffffffffffffffffffffff
6|2404d7c0000000000000000000000000|2404d7c0ffffffffffffffffffffffff
6|2404d840000000000000000000000000|2404d840ffffffffffffffffffffffff
6|2404dd80000000000000000000000000|2404dd80ffffffffffffffffffffffff
6|2404df00000000000000000000000000|2404df00ffffffffffffffffffffffff
6|2404e280000000000000000000000000|2404e280ffffffffffffffffffffffff
6|2404e540000000000000000000000000|2404e540ffffffffffffffffffffffff
6|2404e5c0000000000000000000000000|2404e5c0ffffffffffffffffffffffff
6|2404e780000000000000000000000000|2404e780ffffffffffffffffffffffff
6|2404e880000000000000000000000000|2404e880ffffffffffffffffffffffff
6|2404e8c0000000000000000000000000|2404e8c0ffffffffffffffffffffffff
6|2404eb80000000000000000000000000|2404eb80ffffffffffffffffffffffff
6|2404ec40000000000000000000000000|2404ec40ffffffffffffffffffffffff
6|2404ecc0000000000000000000000000|2404ecc0ffffffffffffffffffffffff
6|2404edc0000000000000000000000000|2404edc0ffffffffffffffffffffffff
6|2404f040000000000000000000000000|2404f040ffffffffffffffffffffffff
6|2404f4c0000000000000000000000000|2404f4c0ffffffffffffffffffffffff
6|2404f7c0000000000000000000000000|2404f7c0ffffffffffffffffffffffff
6|24050080000000000000000000000000|24050080ffffffffffffffffffffffff
6|24050480000000000000000000000000|24050480ffffffffffffffffffffffff
6|24050580000000000000000000000000|24050580ffffffffffffffffffffffff
6|24050680000000000000000000000000|24050680ffffffffffffffffffffffff
6|240506c0000000000000000000000000|240506c0ffffffffffffffffffffffff
6|24050780000000000000000000000000|24050780ffffffffffffffffffffffff
6|24050880000000000000000000000000|24050880ffffffffffffffffffffffff
6|24050940000000000000000000000000|24050940ffffffffffffffffffffffff
6|24050980000000000000000000000000|24050980ffffffffffffffffffffffff
6|240509c0000000000000000000000000|240509c0ffffffffffffffffffffffff
6|24050a80000000000000000000000000|24050a80ffffffffffffffffffffffff
6|24050b80000000000000000000000000|24050b80ffffffffffffffffffffffff
6|24050c80000000000000000000000000|24050c80ffffffffffffffffffffffff
6|24050d80000000000000000000000000|24050d80ffffffffffffffffffffffff
6|24050e80000000000000000000000000|24050e80ffffffffffffffffffffffff
6|24050f80000000000000000000000000|24050f80ffffffffffffffffffffffff
6|24051080000000000000000000000000|24051080ffffffffffffffffffffffff
6|24051180000000000000000000000000|24051180ffffffffffffffffffffffff
6|24051280000000000000000000000000|24051280ffffffffffffffffffffffff
6|24051380000000000000000000000000|24051380ffffffffffffffffffffffff
6|24051480000000000000000000000000|24051480ffffffffffffffffffffffff
6|24051580000000000000000000000000|24051580ffffffffffffffffffffffff
6|24051680000000000000000000000000|24051680ffffffffffffffffffffffff
6|240518c0000000000000000000000000|240518c0ffffffffffffffffffffffff
6|24051c80000000000000000000000000|24051c80ffffffffffffffffffffffff
6|24051d80000000000000000000000000|24051d80ffffffffffffffffffffffff
6|24051e80000000000000000000000000|24051e80ffffffffffffffffffffffff
6|24051f80000000000000000000000000|24051f80ffffffffffffffffffffffff
6|24051fc0000000000000000000000000|24051fc0ffffffffffffffffffffffff
6|24052080000000000000000000000000|24052080ffffffffffffffffffffffff
6|24052180000000000000000000000000|24052180ffffffffffffffffffffffff
6|24052280000000000000000000000000|24052280ffffffffffffffffffffffff
6|24052340000000000000000000000000|24052340ffffffffffffffffffffffff
6|24052380000000000000000000000000|24052380ffffffffffffffffffffffff
6|24052480000000000000000000000000|24052480ffffffffffffffffffffffff
6|240524c0000000000000000000000000|240524c0ffffffffffffffffffffffff
6|24052580000000000000000000000000|24052580ffffffffffffffffffffffff
6|24052680000000000000000000000000|24052680ffffffffffffffffffffffff
6|24052780000000000000000000000000|24052780ffffffffffffffffffffffff
6|24052880000000000000000000000000|24052880ffffffffffffffffffffffff
6|24052980000000000000000000000000|24052980ffffffffffffffffffffffff
6|24052a80000000000000000000000000|24052a80ffffffffffffffffffffffff
6|24052b80000000000000000000000000|24052b80ffffffffffffffffffffffff
6|24052bc0000000000000000000000000|24052bc0ffffffffffffffffffffffff
6|24052c80000000000000000000000000|24052c80ffffffffffffffffffffffff
6|24052d80000000000000000000000000|24052d80ffffffffffffffffffffffff
6|24052e80000000000000000000000000|24052e80ffffffffffffffffffffffff
6|24052ec0000000000000000000000000|24052ec0ffffffffffffffffffffffff
6|24052f40000000000000000000000000|24052f40ffffffffffffffffffffffff
6|24052f80000000000000000000000000|24052f80ffffffffffffffffffffffff
6|24053140000000000000000000000000|24053140ffffffffffffffffffffffff
6|240531c0000000000000000000000000|240531c0ffffffffffffffffffffffff
6|240537c0000000000000000000000000|240537c0ffffffffffffffffffffffff
6|24053880000000000000000000000000|24053880ffffffffffffffffffffffff
6|24053980000000000000000000000000|24053980ffffffffffffffffffffffff
6|240539c0000000000000000000000000|240539c0ffffffffffffffffffffffff
6|24053a80000000000000000000000000|24053a80ffffffffffffffffffffffff
6|24053ac0000000000000000000000000|24053ac0ffffffffffffffffffffffff
6|24053b00000000000000000000000000|24053b00ffffffffffffffffffffffff
6|24053b80000000000000000000000000|24053b80ffffffffffffffffffffffff
6|24053bc0000000000000000000000000|24053bc0ffffffffffffffffffffffff
6|24053c40000000000000000000000000|24053c40ffffffffffffffffffffffff
6|24053c80000000000000000000000000|24053c80ffffffffffffffffffffffff
6|24053d80000000000000000000000000|24053d80ffffffffffffffffffffffff
6|24053e80000000000000000000000000|24053e80ffffffffffffffffffffffff
6|24053f40000000000000000000000000|24053f40ffffffffffffffffffffffff
6|24053f80000000000000000000000000|24053f80ffffffffffffffffffffffff
6|24054080000000000000000000000000|24054080ffffffffffffffffffffffff
6|24054140000000000000000000000000|24054140ffffffffffffffffffffffff
6|24054180000000000000000000000000|24054180ffffffffffffffffffffffff
6|240541c0000000000000000000000000|240541c0ffffffffffffffffffffffff
6|24054280000000000000000000000000|24054280ffffffffffffffffffffffff
6|24054380000000000000000000000000|24054380ffffffffffffffffffffffff
6|24054480000000000000000000000000|24054480ffffffffffffffffffffffff
6|240544c0000000000000000000000000|240544c0ffffffffffffffffffffffff
6|24054540000000000000000000000000|24054540ffffffffffffffffffffffff
6|24054580000000000000000000000000|24054580ffffffffffffffffffffffff
6|24054680000000000000000000000000|24054680ffffffffffffffffffffffff
6|24054780000000000000000000000000|24054780ffffffffffffffffffffffff
6|24054880000000000000000000000000|24054880ffffffffffffffffffffffff
6|24054980000000000000000000000000|24054980ffffffffffffffffffffffff
6|24054a80000000000000000000000000|24054a80ffffffffffffffffffffffff
6|24054b80000000000000000000000000|24054b80ffffffffffffffffffffffff
6|24054d40000000000000000000000000|24054d40ffffffffffffffffffffffff
6|24054e80000000000000000000000000|24054e80ffffffffffffffffffffffff
6|24054f80000000000000000000000000|24054f80ffffffffffffffffffffffff
6|24055080000000000000000000000000|24055080ffffffffffffffffffffffff
6|24055180000000000000000000000000|24055180ffffffffffffffffffffffff
6|24055240000000000000000000000000|24055240ffffffffffffffffffffffff
6|24055280000000000000000000000000|24055280ffffffffffffffffffffffff
6|240552c0000000000000000000000000|240552c0ffffffffffffffffffffffff
6|24055380000000000000000000000000|24055380ffffffffffffffffffffffff
6|24055480000000000000000000000000|24055480ffffffffffffffffffffffff
6|24055580000000000000000000000000|24055580ffffffffffffffffffffffff
6|24055680000000000000000000000000|24055680ffffffffffffffffffffffff
6|24055780000000000000000000000000|24055780ffffffffffffffffffffffff
6|240557c0000000000000000000000000|240557c0ffffffffffffffffffffffff
6|24055880000000000000000000000000|24055880ffffffffffffffffffffffff
6|24055980000000000000000000000000|24055980ffffffffffffffffffffffff
6|24055a80000000000000000000000000|24055a80ffffffffffffffffffffffff
6|24055b80000000000000000000000000|24055b80ffffffffffffffffffffffff
6|24055c80000000000000000000000000|24055c80ffffffffffffffffffffffff
6|24055cc0000000000000000000000000|24055cc0ffffffffffffffffffffffff
6|24055d40000000000000000000000000|24055d40ffffffffffffffffffffffff
6|24055d80000000000000000000000000|24055d80ffffffffffffffffffffffff
6|24055dc0000000000000000000000000|24055dc0ffffffffffffffffffffffff
6|24055e80000000000000000000000000|24055e80ffffffffffffffffffffffff
6|24055f80000000000000000000000000|24055f80ffffffffffffffffffffffff
6|24056080000000000000000000000000|24056080ffffffffffffffffffffffff
6|24056180000000000000000000000000|24056180ffffffffffffffffffffffff
6|24056200000000000000000000000000|24056200ffffffffffffffffffffffff
6|240566c0000000000000000000000000|240566c0ffffffffffffffffffffffff
6|24056880000000000000000000000000|24056880ffffffffffffffffffffffff
6|240568c0000000000000000000000000|240568c0ffffffffffffffffffffffff
6|24056940000000000000000000000000|24056940ffffffffffffffffffffffff
6|240569c0000000000000000000000000|240569c0ffffffffffffffffffffffff
6|24056a80000000000000000000000000|24056a80ffffffffffffffffffffffff
6|24056b80000000000000000000000000|24056b80ffffffffffffffffffffffff
6|24056c80000000000000000000000000|24056c80ffffffffffffffffffffffff
6|24056d80000000000000000000000000|24056d80ffffffffffffffffffffffff
6|24056e80000000000000000000000000|24056e80ffffffffffffffffffffffff
6|24056f00000000000000000000000000|24056f00ffffffffffffffffffffffff
6|24056f80000000000000000000000000|24056f80ffffffffffffffffffffffff
6|24057040000000000000000000000000|24057040ffffffffffffffffffffffff
6|24057080000000000000000000000000|24057080ffffffffffffffffffffffff
6|24057180000000000000000000000000|24057180ffffffffffffffffffffffff
6|24057240000000000000000000000000|24057240ffffffffffffffffffffffff
6|24057280000000000000000000000000|24057280ffffffffffffffffffffffff
6|24057380000000000000000000000000|24057380ffffffffffffffffffffffff
6|24057480000000000000000000000000|24057480ffffffffffffffffffffffff
6|24057580000000000000000000000000|24057580ffffffffffffffffffffffff
6|24057680000000000000000000000000|24057680ffffffffffffffffffffffff
6|24057780000000000000000000000000|24057780ffffffffffffffffffffffff
6|24057880000000000000000000000000|24057880ffffffffffffffffffffffff
6|240578c0000000000000000000000000|240578c0ffffffffffffffffffffffff
6|24057980000000000000000000000000|24057980ffffffffffffffffffffffff
6|240579c0000000000000000000000000|240579c0ffffffffffffffffffffffff
6|24057a80000000000000000000000000|24057a80ffffffffffffffffffffffff
6|24057b80000000000000000000000000|24057b80ffffffffffffffffffffffff
6|24057c80000000000000000000000000|24057c80ffffffffffffffffffffffff
6|24057d40000000000000000000000000|24057d40ffffffffffffffffffffffff
6|24057f40000000000000000000000000|24057f40ffffffffffffffffffffffff
6|24057fc0000000000000000000000000|24057fc0ffffffffffffffffffffffff
6|24058280000000000000000000000000|24058280ffffffffffffffffffffffff
6|24058480000000000000000000000000|24058480ffffffffffffffffffffffff
6|240584c0000000000000000000000000|240584c0ffffffffffffffffffffffff
6|24058580000000000000000000000000|24058580ffffffffffffffffffffffff
6|24058680000000000000000000000000|24058680ffffffffffffffffffffffff
6|24058780000000000000000000000000|24058780ffffffffffffffffffffffff
6|24058880000000000000000000000000|24058880ffffffffffffffffffffffff
6|24058980000000000000000000000000|24058980ffffffffffffffffffffffff
6|24058a40000000000000000000000000|24058a40ffffffffffffffffffffffff
6|24058a80000000000000000000000000|24058a80ffffffffffffffffffffffff
6|24058ac0000000000000000000000000|24058ac0ffffffffffffffffffffffff
6|24058b80000000000000000000000000|24058b80ffffffffffffffffffffffff
6|24058c80000000000000000000000000|24058c80ffffffffffffffffffffffff
6|24058d80000000000000000000000000|24058d80ffffffffffffffffffffffff
6|24058e80000000000000000000000000|24058e80ffffffffffffffffffffffff
6|24058f80000000000000000000000000|24058f80ffffffffffffffffffffffff
6|24059080000000000000000000000000|24059080ffffffffffffffffffffffff
6|24059180000000000000000000000000|24059180ffffffffffffffffffffffff
6|24059280000000000000000000000000|24059280ffffffffffffffffffffffff
6|24059300000000000000000000000000|24059300ffffffffffffffffffffffff
6|24059340000000000000000000000000|24059340ffffffffffffffffffffffff
6|24059380000000000000000000000000|24059380ffffffffffffffffffffffff
6|240593c0000000000000000000000000|240593c0ffffffffffffffffffffffff
6|24059480000000000000000000000000|24059480ffffffffffffffffffffffff
6|240594c0000000000000000000000000|240594c0ffffffffffffffffffffffff
6|24059580000000000000000000000000|24059580ffffffffffffffffffffffff
6|24059680000000000000000000000000|24059680ffffffffffffffffffffffff
6|24059700000000000000000000000000|24059700ffffffffffffffffffffffff
6|24059780000000000000000000000000|24059780ffffffffffffffffffffffff
6|240597c0000000000000000000000000|240597c0ffffffffffffffffffffffff
6|24059880000000000000000000000000|24059880ffffffffffffffffffffffff
6|24059900000000000000000000000000|24059900ffffffffffffffffffffffff
6|24059980000000000000000000000000|24059980ffffffffffffffffffffffff
6|240599c0000000000000000000000000|240599c0ffffffffffffffffffffffff
6|24059a80000000000000000000000000|24059a80ffffffffffffffffffffffff
6|24059b00000000000000000000000000|24059b00ffffffffffffffffffffffff
6|24059b80000000000000000000000000|24059b80ffffffffffffffffffffffff
6|24059bc0000000000000000000000000|24059bc0ffffffffffffffffffffffff
6|24059e00000000000000000000000000|24059e00ffffffffffffffffffffffff
6|2405a240000000000000000000000000|2405a240ffffffffffffffffffffffff
6|2405a500000000000000000000000000|2405a500ffffffffffffffffffffffff
6|2405a680000000000000000000000000|2405a680ffffffffffffffffffffffff
6|2405a900000000000000000000000000|2405a900ffffffffffffffffffffffff
6|2405a980000000000000000000000000|2405a980ffffffffffffffffffffffff
6|2405aa80000000000000000000000000|2405aa80ffffffffffffffffffffffff
6|2405ab00000000000000000000000000|2405ab00ffffffffffffffffffffffff
6|2405ad00000000000000000000000000|2405ad00ffffffffffffffffffffffff
6|2405af00000000000000000000000000|2405af00ffffffffffffffffffffffff
6|2405b100000000000000000000000000|2405b100ffffffffffffffffffffffff
6|2405b300000000000000000000000000|2405b300ffffffffffffffffffffffff
6|2405b7c0000000000000000000000000|2405b7c0ffffffffffffffffffffffff
6|2405b880000000000000000000000000|2405b880ffffffffffffffffffffffff
6|2405b980000000000000000000000000|2405b980ffffffffffffffffffffffff
6|2405bb00000000000000000000000000|2405bb00ffffffffffffffffffffffff
6|2405bd00000000000000000000000000|2405bd00ffffffffffffffffffffffff
6|2405bd80000000000000000000000000|2405bd80ffffffffffffffffffffffff
6|2405bdc0000000000000000000000000|2405bdc0ffffffffffffffffffffffff
6|2405be80000000000000000000000000|2405be80ffffffffffffffffffffffff
6|2405bf00000000000000000000000000|2405bf00ffffffffffffffffffffffff
6|2405c040000000000000000000000000|2405c040ffffffffffffffffffffffff
6|2405c280000000000000000000000000|2405c280ffffffffffffffffffffffff
6|2405c380000000000000000000000000|2405c380ffffffffffffffffffffffff
6|2405c480000000000000000000000000|2405c480ffffffffffffffffffffffff
6|2405c500000000000000000000000000|2405c500ffffffffffffffffffffffff
6|2405c580000000000000000000000000|2405c580ffffffffffffffffffffffff
6|2405c680000000000000000000000000|2405c680ffffffffffffffffffffffff
6|2405c780000000000000000000000000|2405c780ffffffffffffffffffffffff
6|2405c880000000000000000000000000|2405c880ffffffffffffffffffffffff
6|2405c980000000000000000000000000|2405c980ffffffffffffffffffffffff
6|2405ca80000000000000000000000000|2405ca80ffffffffffffffffffffffff
6|2405cb80000000000000000000000000|2405cb80ffffffffffffffffffffffff
6|2405cc80000000000000000000000000|2405cc80ffffffffffffffffffffffff
6|2405cd80000000000000000000000000|2405cd80ffffffffffffffffffffffff
6|2405ce80000000000000000000000000|2405ce80ffffffffffffffffffffffff
6|2405d280000000000000000000000000|2405d280ffffffffffffffffffffffff
6|2405d4c0000000000000000000000000|2405d4c0ffffffffffffffffffffffff
6|2405d700000000000000000000000000|2405d700ffffffffffffffffffffffff
6|2405d900000000000000000000000000|2405d900ffffffffffffffffffffffff
6|2405df40000000000000000000000000|2405df40ffffffffffffffffffffffff
6|2405e000000000000000000000000000|2405e000ffffffffffffffffffffffff
6|2405e040000000000000000000000000|2405e040ffffffffffffffffffffffff
6|2405e1c0000000000000000000000000|2405e1c0ffffffffffffffffffffffff
6|2405e600000000000000000000000000|2405e600ffffffffffffffffffffffff
6|2405ef40000000000000000000000000|2405ef43ffffffffffffffffffffffff
6|2405f340000000000000000000000000|2405f340ffffffffffffffffffffffff
6|2405f580000000000000000000000000|2405f580ffffffffffffffffffffffff
6|2405f6c0000000000000000000000000|2405f6c0ffffffffffffffffffffffff
6|2405f940000000000000000000000000|2405f940ffffffffffffffffffffffff
6|2405fdc0000000000000000000000000|2405fdc0ffffffffffffffffffffffff
6|24060040000000000000000000000000|24060040ffffffffffffffffffffffff
6|24060080000000000000000000000000|24060080ffffffffffffffffffffffff
6|240600c0000000000000000000000000|240600c0ffffffffffffffffffffffff
6|24060140000000000000000000000000|24060140ffffffffffffffffffffffff
6|24060280000000000000000000000000|24060280ffffffffffffffffffffffff
6|24060440000000000000000000000000|24060440ffffffffffffffffffffffff
6|240604c0000000000000000000000000|240604c0ffffffffffffffffffffffff
6|240607c0000000000000000000000000|240607c0ffffffffffffffffffffffff
6|24060840000000000000000000000000|24060840ffffffffffffffffffffffff
6|24060880000000000000000000000000|24060880ffffffffffffffffffffffff
6|240608c0000000000000000000000000|240608c0ffffffffffffffffffffffff
6|24060d80000000000000000000000000|24060d80ffffffffffffffffffffffff
6|24060e80000000000000000000000000|24060e80ffffffffffffffffffffffff
6|24060f80000000000000000000000000|24060f80ffffffffffffffffffffffff
6|24061080000000000000000000000000|24061080ffffffffffffffffffffffff
6|24061100000000000000000000000000|24061100ffffffffffffffffffffffff
6|24061180000000000000000000000000|24061180ffffffffffffffffffffffff
6|24061280000000000000000000000000|24061280ffffffffffffffffffffffff
6|24061380000000000000000000000000|24061380ffffffffffffffffffffffff
6|24061480000000000000000000000000|24061480ffffffffffffffffffffffff
6|24061580000000000000000000000000|24061580ffffffffffffffffffffffff
6|240615c0000000000000000000000000|240615c0ffffffffffffffffffffffff
6|24061680000000000000000000000000|24061680ffffffffffffffffffffffff
6|24061780000000000000000000000000|24061780ffffffffffffffffffffffff
6|24061880000000000000000000000000|24061880ffffffffffffffffffffffff
6|24061980000000000000000000000000|24061980ffffffffffffffffffffffff
6|24061a80000000000000000000000000|24061a80ffffffffffffffffffffffff
6|24061b80000000000000000000000000|24061b80ffffffffffffffffffffffff
6|24061c80000000000000000000000000|24061c80ffffffffffffffffffffffff
6|24061d80000000000000000000000000|24061d80ffffffffffffffffffffffff
6|24061e40000000000000000000000000|24061e40ffffffffffffffffffffffff
6|24061e80000000000000000000000000|24061e80ffffffffffffffffffffffff
6|24061f80000000000000000000000000|24061f80ffffffffffffffffffffffff
6|24062080000000000000000000000000|24062080ffffffffffffffffffffffff
6|24062640000000000000000000000000|24062640ffffffffffffffffffffffff
6|24062700000000000000000000000000|24062700ffffffffffffffffffffffff
6|24062780000000000000000000000000|24062780ffffffffffffffffffffffff
6|24062880000000000000000000000000|24062880ffffffffffffffffffffffff
6|24062980000000000000000000000000|24062980ffffffffffffffffffffffff
6|24062a80000000000000000000000000|24062a80ffffffffffffffffffffffff
6|24062b80000000000000000000000000|24062b80ffffffffffffffffffffffff
6|24062c40000000000000000000000000|24062c40ffffffffffffffffffffffff
6|24062c80000000000000000000000000|24062c80ffffffffffffffffffffffff
6|24062d80000000000000000000000000|24062d80ffffffffffffffffffffffff
6|24062e80000000000000000000000000|24062e80ffffffffffffffffffffffff
6|24062f80000000000000000000000000|24062f80ffffffffffffffffffffffff
6|24063080000000000000000000000000|24063080ffffffffffffffffffffffff
6|24063180000000000000000000000000|24063180ffffffffffffffffffffffff
6|240631c0000000000000000000000000|240631c0ffffffffffffffffffffffff
6|24063280000000000000000000000000|24063280ffffffffffffffffffffffff
6|24063300000000000000000000000000|24063300ffffffffffffffffffffffff
6|24063340000000000000000000000000|24063340ffffffffffffffffffffffff
6|24063380000000000000000000000000|24063380ffffffffffffffffffffffff
6|24063480000000000000000000000000|24063480ffffffffffffffffffffffff
6|240634c0000000000000000000000000|240634c0ffffffffffffffffffffffff
6|24063580000000000000000000000000|24063580ffffffffffffffffffffffff
6|24063640000000000000000000000000|24063640ffffffffffffffffffffffff
6|24063680000000000000000000000000|24063680ffffffffffffffffffffffff
6|24063700000000000000000000000000|24063700ffffffffffffffffffffffff
6|24063780000000000000000000000000|24063780ffffffffffffffffffffffff
6|24063880000000000000000000000000|24063880ffffffffffffffffffffffff
6|24063980000000000000000000000000|24063980ffffffffffffffffffffffff
6|240639c0000000000000000000000000|240639c0ffffffffffffffffffffffff
6|24063ac0000000000000000000000000|24063ac0ffffffffffffffffffffffff
6|24063d80000000000000000000000000|24063d80ffffffffffffffffffffffff
6|24063e80000000000000000000000000|24063e80ffffffffffffffffffffffff
6|24063f80000000000000000000000000|24063f80ffffffffffffffffffffffff
6|24064080000000000000000000000000|24064080ffffffffffffffffffffffff
6|240640c0000000000000000000000000|240640c0ffffffffffffffffffffffff
6|24064180000000000000000000000000|24064180ffffffffffffffffffffffff
6|24064280000000000000000000000000|24064280ffffffffffffffffffffffff
6|240642c0000000000000000000000000|240642c0ffffffffffffffffffffffff
6|24064340000000000000000000000000|24064340ffffffffffffffffffffffff
6|24064380000000000000000000000000|24064380ffffffffffffffffffffffff
6|240643c0000000000000000000000000|240643c0ffffffffffffffffffffffff
6|24064480000000000000000000000000|24064480ffffffffffffffffffffffff
6|24064500000000000000000000000000|24064500ffffffffffffffffffffffff
6|24064680000000000000000000000000|24064680ffffffffffffffffffffffff
6|24064b80000000000000000000000000|24064b80ffffffffffffffffffffffff
6|24064c80000000000000000000000000|24064c80ffffffffffffffffffffffff
6|24064d00000000000000000000000000|24064d00ffffffffffffffffffffffff
6|24064d80000000000000000000000000|24064d80ffffffffffffffffffffffff
6|24064e80000000000000000000000000|24064e80ffffffffffffffffffffffff
6|24064f00000000000000000000000000|24064f00ffffffffffffffffffffffff
6|24064f80000000000000000000000000|24064f80ffffffffffffffffffffffff
6|24065080000000000000000000000000|24065080ffffffffffffffffffffffff
6|240650c0000000000000000000000000|240650c0ffffffffffffffffffffffff
6|24065180000000000000000000000000|24065180ffffffffffffffffffffffff
6|24065280000000000000000000000000|24065280ffffffffffffffffffffffff
6|240652c0000000000000000000000000|240652c0ffffffffffffffffffffffff
6|24065340000000000000000000000000|24065340ffffffffffffffffffffffff
6|24065380000000000000000000000000|24065380ffffffffffffffffffffffff
6|24065480000000000000000000000000|24065480ffffffffffffffffffffffff
6|24065580000000000000000000000000|24065580ffffffffffffffffffffffff
6|24065680000000000000000000000000|24065680ffffffffffffffffffffffff
6|24065780000000000000000000000000|24065780ffffffffffffffffffffffff
6|24065840000000000000000000000000|24065841ffffffffffffffffffffffff
6|24065880000000000000000000000000|24065880ffffffffffffffffffffffff
6|24065940000000000000000000000000|24065940ffffffffffffffffffffffff
6|24065980000000000000000000000000|24065980ffffffffffffffffffffffff
6|24065a40000000000000000000000000|24065a40ffffffffffffffffffffffff
6|24065ac0000000000000000000000000|24065ac0ffffffffffffffffffffffff
6|24065b40000000000000000000000000|24065b40ffffffffffffffffffffffff
6|24065d80000000000000000000000000|24065d80ffffffffffffffffffffffff
6|24065e80000000000000000000000000|24065e80ffffffffffffffffffffffff
6|24065f80000000000000000000000000|24065f80ffffffffffffffffffffffff
6|24066080000000000000000000000000|24066080ffffffffffffffffffffffff
6|24066100000000000000000000000000|24066100ffffffffffffffffffffffff
6|24066180000000000000000000000000|24066180ffffffffffffffffffffffff
6|240661c0000000000000000000000000|240661c7ffffffffffffffffffffffff
6|24066280000000000000000000000000|24066280ffffffffffffffffffffffff
6|24066300000000000000000000000000|24066300ffffffffffffffffffffffff
6|24066340000000000000000000000000|24066340ffffffffffffffffffffffff
6|24066380000000000000000000000000|24066380ffffffffffffffffffffffff
6|24066480000000000000000000000000|24066480ffffffffffffffffffffffff
6|24066500000000000000000000000000|24066500ffffffffffffffffffffffff
6|24066580000000000000000000000000|24066580ffffffffffffffffffffffff
6|240665c0000000000000000000000000|240665c0ffffffffffffffffffffffff
6|24066640000000000000000000000000|24066640ffffffffffffffffffffffff
6|24066680000000000000000000000000|24066680ffffffffffffffffffffffff
6|24066780000000000000000000000000|24066780ffffffffffffffffffffffff
6|24066880000000000000000000000000|24066880ffffffffffffffffffffffff
6|24066980000000000000000000000000|24066980ffffffffffffffffffffffff
6|24066a80000000000000000000000000|24066a80ffffffffffffffffffffffff
6|24066b80000000000000000000000000|24066b80ffffffffffffffffffffffff
6|24066bc0000000000000000000000000|24066bc0ffffffffffffffffffffffff
6|24066c80000000000000000000000000|24066c80ffffffffffffffffffffffff
6|24066d80000000000000000000000000|24066d80ffffffffffffffffffffffff
6|24066e80000000000000000000000000|24066e80ffffffffffffffffffffffff
6|24066f80000000000000000000000000|24066f80ffffffffffffffffffffffff
6|24067080000000000000000000000000|24067080ffffffffffffffffffffffff
6|24067280000000000000000000000000|24067280ffffffffffffffffffffffff
6|24067380000000000000000000000000|24067380ffffffffffffffffffffffff
6|24067480000000000000000000000000|24067480ffffffffffffffffffffffff
6|24067580000000000000000000000000|24067580ffffffffffffffffffffffff
6|24067680000000000000000000000000|24067680ffffffffffffffffffffffff
6|24067780000000000000000000000000|24067780ffffffffffffffffffffffff
6|24067880000000000000000000000000|24067880ffffffffffffffffffffffff
6|24067980000000000000000000000000|24067980ffffffffffffffffffffffff
6|24067a80000000000000000000000000|24067a80ffffffffffffffffffffffff
6|24067b80000000000000000000000000|24067b80ffffffffffffffffffffffff
6|24067c80000000000000000000000000|24067c80ffffffffffffffffffffffff
6|24067d00000000000000000000000000|24067d00ffffffffffffffffffffffff
6|24067d80000000000000000000000000|24067d80ffffffffffffffffffffffff
6|24067e80000000000000000000000000|24067e80ffffffffffffffffffffffff
6|24067f80000000000000000000000000|24067f80ffffffffffffffffffffffff
6|24067fc0000000000000000000000000|24067fc0ffffffffffffffffffffffff
6|24068080000000000000000000000000|24068080ffffffffffffffffffffffff
6|24068180000000000000000000000000|24068180ffffffffffffffffffffffff
6|24068280000000000000000000000000|24068280ffffffffffffffffffffffff
6|24068380000000000000000000000000|24068380ffffffffffffffffffffffff
6|24068480000000000000000000000000|24068480ffffffffffffffffffffffff
6|24068500000000000000000000000000|24068500ffffffffffffffffffffffff
6|24068580000000000000000000000000|24068580ffffffffffffffffffffffff
6|24068780000000000000000000000000|24068780ffffffffffffffffffffffff
6|24068880000000000000000000000000|24068880ffffffffffffffffffffffff
6|24068980000000000000000000000000|24068980ffffffffffffffffffffffff
6|24068a80000000000000000000000000|24068a80ffffffffffffffffffffffff
6|24068b80000000000000000000000000|24068b80ffffffffffffffffffffffff
6|24068c80000000000000000000000000|24068c80ffffffffffffffffffffffff
6|24068d80000000000000000000000000|24068d80ffffffffffffffffffffffff
6|24068e80000000000000000000000000|24068e80ffffffffffffffffffffffff
6|24068f40000000000000000000000000|24068f40ffffffffffffffffffffffff
6|24068f80000000000000000000000000|24068f80ffffffffffffffffffffffff
6|24069200000000000000000000000000|24069200ffffffffffffffffffffffff
6|24069380000000000000000000000000|24069380ffffffffffffffffffffffff
6|24069480000000000000000000000000|24069480ffffffffffffffffffffffff
6|240694c0000000000000000000000000|240694c0ffffffffffffffffffffffff
6|24069780000000000000000000000000|24069780ffffffffffffffffffffffff
6|24069d80000000000000000000000000|24069d80ffffffffffffffffffffffff
6|24069e80000000000000000000000000|24069e80ffffffffffffffffffffffff
6|24069f80000000000000000000000000|24069f80ffffffffffffffffffffffff
6|2406a080000000000000000000000000|2406a080ffffffffffffffffffffffff
6|2406a180000000000000000000000000|2406a180ffffffffffffffffffffffff
6|2406a280000000000000000000000000|2406a280ffffffffffffffffffffffff
6|2406a380000000000000000000000000|2406a380ffffffffffffffffffffffff
6|2406a480000000000000000000000000|2406a480ffffffffffffffffffffffff
6|2406a580000000000000000000000000|2406a580ffffffffffffffffffffffff
6|2406a680000000000000000000000000|2406a680ffffffffffffffffffffffff
6|2406a780000000000000000000000000|2406a780ffffffffffffffffffffffff
6|2406a7c0000000000000000000000000|2406a7c0ffffffffffffffffffffffff
6|2406a880000000000000000000000000|2406a880ffffffffffffffffffffffff
6|2406a8c0000000000000000000000000|2406a8c0ffffffffffffffffffffffff
6|2406a980000000000000000000000000|2406a980ffffffffffffffffffffffff
6|2406aa80000000000000000000000000|2406aa80ffffffffffffffffffffffff
6|2406aac0000000000000000000000000|2406aac0ffffffffffffffffffffffff
6|2406ab80000000000000000000000000|2406ab80ffffffffffffffffffffffff
6|2406ac80000000000000000000000000|2406ac80ffffffffffffffffffffffff
6|2406acc0000000000000000000000000|2406acc0ffffffffffffffffffffffff
6|2406ad40000000000000000000000000|2406ad40ffffffffffffffffffffffff
6|2406ad80000000000000000000000000|2406ad80ffffffffffffffffffffffff
6|2406ae80000000000000000000000000|2406ae80ffffffffffffffffffffffff
6|2406af80000000000000000000000000|2406af80ffffffffffffffffffffffff
6|2406b080000000000000000000000000|2406b080ffffffffffffffffffffffff
6|2406b640000000000000000000000000|2406b640ffffffffffffffffffffffff
6|2406b880000000000000000000000000|2406b880ffffffffffffffffffffffff
6|2406b980000000000000000000000000|2406b980ffffffffffffffffffffffff
6|2406ba80000000000000000000000000|2406ba80ffffffffffffffffffffffff
6|2406bb80000000000000000000000000|2406bb80ffffffffffffffffffffffff
6|2406bc80000000000000000000000000|2406bc80ffffffffffffffffffffffff
6|2406bd40000000000000000000000000|2406bd40ffffffffffffffffffffffff
6|2406bd80000000000000000000000000|2406bd80ffffffffffffffffffffffff
6|2406bdc0000000000000000000000000|2406bdc0ffffffffffffffffffffffff
6|2406be80000000000000000000000000|2406be80ffffffffffffffffffffffff
6|2406bf80000000000000000000000000|2406bf80ffffffffffffffffffffffff
6|2406c080000000000000000000000000|2406c080ffffffffffffffffffffffff
6|2406c180000000000000000000000000|2406c180ffffffffffffffffffffffff
6|2406c280000000000000000000000000|2406c280ffffffffffffffffffffffff
6|2406c340000000000000000000000000|2406c340ffffffffffffffffffffffff
6|2406c480000000000000000000000000|2406c480ffffffffffffffffffffffff
6|2406c580000000000000000000000000|2406c580ffffffffffffffffffffffff
6|2406c680000000000000000000000000|2406c680ffffffffffffffffffffffff
6|2406c780000000000000000000000000|2406c780ffffffffffffffffffffffff
6|2406c880000000000000000000000000|2406c880ffffffffffffffffffffffff
6|2406c900000000000000000000000000|2406c900ffffffffffffffffffffffff
6|2406c980000000000000000000000000|2406c980ffffffffffffffffffffffff
6|2406ca80000000000000000000000000|2406ca80ffffffffffffffffffffffff
6|2406cac0000000000000000000000000|2406cac0ffffffffffffffffffffffff
6|2406cb80000000000000000000000000|2406cb80ffffffffffffffffffffffff
6|2406cc80000000000000000000000000|2406cc80ffffffffffffffffffffffff
6|2406cd80000000000000000000000000|2406cd80ffffffffffffffffffffffff
6|2406ce80000000000000000000000000|2406ce80ffffffffffffffffffffffff
6|2406cf00000000000000000000000000|2406cf03ffffffffffffffffffffffff
6|2406cf80000000000000000000000000|2406cf80ffffffffffffffffffffffff
6|2406d080000000000000000000000000|2406d080ffffffffffffffffffffffff
6|2406d140000000000000000000000000|2406d140ffffffffffffffffffffffff
6|2406d180000000000000000000000000|2406d180ffffffffffffffffffffffff
6|2406d280000000000000000000000000|2406d280ffffffffffffffffffffffff
6|2406d2c0000000000000000000000000|2406d2c0ffffffffffffffffffffffff
6|2406d380000000000000000000000000|2406d380ffffffffffffffffffffffff
6|2406d440000000000000000000000000|2406d440ffffffffffffffffffffffff
6|2406d480000000000000000000000000|2406d480ffffffffffffffffffffffff
6|2406d580000000000000000000000000|2406d580ffffffffffffffffffffffff
6|2406d680000000000000000000000000|2406d680ffffffffffffffffffffffff
6|2406d780000000000000000000000000|2406d780ffffffffffffffffffffffff
6|2406d880000000000000000000000000|2406d880ffffffffffffffffffffffff
6|2406d980000000000000000000000000|2406d980ffffffffffffffffffffffff
6|2406db80000000000000000000000000|2406db80ffffffffffffffffffffffff
6|2406dc80000000000000000000000000|2406dc80ffffffffffffffffffffffff
6|2406dd00000000000000000000000000|2406dd00ffffffffffffffffffffffff
6|2406dd80000000000000000000000000|2406dd80ffffffffffffffffffffffff
6|2406de80000000000000000000000000|2406de80ffffffffffffffffffffffff
6|2406df80000000000000000000000000|2406df80ffffffffffffffffffffffff
6|2406e080000000000000000000000000|2406e080ffffffffffffffffffffffff
6|2406e180000000000000000000000000|2406e180ffffffffffffffffffffffff
6|2406e2c0000000000000000000000000|2406e2c0ffffffffffffffffffffffff
6|2406e380000000000000000000000000|2406e380ffffffffffffffffffffffff
6|2406e3c0000000000000000000000000|2406e3c0ffffffffffffffffffffffff
6|2406e500000000000000000000000000|2406e500ffffffffffffffffffffffff
6|2406e580000000000000000000000000|2406e580ffffffffffffffffffffffff
6|2406e680000000000000000000000000|2406e680ffffffffffffffffffffffff
6|2406e780000000000000000000000000|2406e780ffffffffffffffffffffffff
6|2406e8c0000000000000000000000000|2406e8c0ffffffffffffffffffffffff
6|2406ea40000000000000000000000000|2406ea4fffffffffffffffffffffffff
6|2406f280000000000000000000000000|2406f280ffffffffffffffffffffffff
6|2406f300000000000000000000000000|2406f300ffffffffffffffffffffffff
6|2406f4c0000000000000000000000000|2406f4c0ffffffffffffffffffffffff
6|2406f7c0000000000000000000000000|2406f7c0ffffffffffffffffffffffff
6|2406f980000000000000000000000000|2406f980ffffffffffffffffffffffff
6|2406fc80000000000000000000000000|2406fc80ffffffffffffffffffffffff
6|2406fd80000000000000000000000000|2406fd80ffffffffffffffffffffffff
6|2406fe80000000000000000000000000|2406fe80ffffffffffffffffffffffff
6|2406ff00000000000000000000000000|2406ff00ffffffffffffffffffffffff
6|24070480000000000000000000000000|24070480ffffffffffffffffffffffff
6|24070580000000000000000000000000|24070580ffffffffffffffffffffffff
6|24070cc0000000000000000000000000|24070cc0ffffffffffffffffffffffff
6|24070f40000000000000000000000000|24070f40ffffffffffffffffffffffff
6|240717c0000000000000000000000000|240717c0ffffffffffffffffffffffff
6|24071900000000000000000000000000|24071900ffffffffffffffffffffffff
6|24071d00000000000000000000000000|24071d00ffffffffffffffffffffffff
6|24072280000000000000000000000000|24072280ffffffffffffffffffffffff
6|24072380000000000000000000000000|24072380ffffffffffffffffffffffff
6|240723c0000000000000000000000000|240723c0ffffffffffffffffffffffff
6|24072780000000000000000000000000|24072780ffffffffffffffffffffffff
6|24072840000000000000000000000000|24072840ffffffffffffffffffffffff
6|24072ac0000000000000000000000000|24072ac0ffffffffffffffffffffffff
6|240731c0000000000000000000000000|240731c0ffffffffffffffffffffffff
6|24073340000000000000000000000000|24073340ffffffffffffffffffffffff
6|24073540000000000000000000000000|24073540ffffffffffffffffffffffff
6|24073700000000000000000000000000|24073700ffffffffffffffffffffffff
6|24073740000000000000000000000000|24073740ffffffffffffffffffffffff
6|240737c0000000000000000000000000|240737c0ffffffffffffffffffffffff
6|24073900000000000000000000000000|24073900ffffffffffffffffffffffff
6|24073f40000000000000000000000000|24073f40ffffffffffffffffffffffff
6|240743c0000000000000000000000000|240743c0ffffffffffffffffffffffff
6|24074440000000000000000000000000|24074440ffffffffffffffffffffffff
6|24074580000000000000000000000000|24074580ffffffffffffffffffffffff
6|24074680000000000000000000000000|24074680ffffffffffffffffffffffff
6|24074740000000000000000000000000|24074740ffffffffffffffffffffffff
6|24074880000000000000000000000000|24074880ffffffffffffffffffffffff
6|24074980000000000000000000000000|24074980ffffffffffffffffffffffff
6|24074a80000000000000000000000000|24074a80ffffffffffffffffffffffff
6|24074c80000000000000000000000000|24074c80ffffffffffffffffffffffff
6|24074d80000000000000000000000000|24074d80ffffffffffffffffffffffff
6|24074e80000000000000000000000000|24074e80ffffffffffffffffffffffff
6|24074f00000000000000000000000000|24074f00ffffffffffffffffffffffff
6|24075380000000000000000000000000|24075380ffffffffffffffffffffffff
6|240753c0000000000000000000000000|240753c0ffffffffffffffffffffffff
6|24075500000000000000000000000000|24075500ffffffffffffffffffffffff
6|24075780000000000000000000000000|24075780ffffffffffffffffffffffff
6|24075840000000000000000000000000|24075840ffffffffffffffffffffffff
6|24076040000000000000000000000000|24076040ffffffffffffffffffffffff
6|24076580000000000000000000000000|24076580ffffffffffffffffffffffff
6|24076c40000000000000000000000000|24076c40ffffffffffffffffffffffff
6|24077680000000000000000000000000|24077680ffffffffffffffffffffffff
6|24077780000000000000000000000000|24077780ffffffffffffffffffffffff
6|24077880000000000000000000000000|24077880ffffffffffffffffffffffff
6|24077980000000000000000000000000|24077980ffffffffffffffffffffffff
6|24077c80000000000000000000000000|24077c80ffffffffffffffffffffffff
6|24077d00000000000000000000000000|24077d00ffffffffffffffffffffffff
6|24077d80000000000000000000000000|24077d80ffffffffffffffffffffffff
6|24077e80000000000000000000000000|24077e80ffffffffffffffffffffffff
6|24078880000000000000000000000000|24078880ffffffffffffffffffffffff
6|24078b80000000000000000000000000|24078b80ffffffffffffffffffffffff
6|24078f40000000000000000000000000|24078f40ffffffffffffffffffffffff
6|24079080000000000000000000000000|24079080ffffffffffffffffffffffff
6|24079180000000000000000000000000|24079180ffffffffffffffffffffffff
6|240794c0000000000000000000000000|240794c0ffffffffffffffffffffffff
6|24079680000000000000000000000000|24079680ffffffffffffffffffffffff
6|24079980000000000000000000000000|24079980ffffffffffffffffffffffff
6|24079b40000000000000000000000000|24079b40ffffffffffffffffffffffff
6|24079bc0000000000000000000000000|24079bc0ffffffffffffffffffffffff
6|24079f00000000000000000000000000|24079f00ffffffffffffffffffffffff
6|24079f80000000000000000000000000|24079f80ffffffffffffffffffffffff
6|2407a040000000000000000000000000|2407a040ffffffffffffffffffffffff
6|2407a640000000000000000000000000|2407a640ffffffffffffffffffffffff
6|2407a7c0000000000000000000000000|2407a7c0ffffffffffffffffffffffff
6|2407a880000000000000000000000000|2407a880ffffffffffffffffffffffff
6|2407a940000000000000000000000000|2407a940ffffffffffffffffffffffff
6|2407ad80000000000000000000000000|2407ad80ffffffffffffffffffffffff
6|2407ae80000000000000000000000000|2407ae80ffffffffffffffffffffffff
6|2407af80000000000000000000000000|2407af80ffffffffffffffffffffffff
6|2407b080000000000000000000000000|2407b080ffffffffffffffffffffffff
6|2407b180000000000000000000000000|2407b180ffffffffffffffffffffffff
6|2407b280000000000000000000000000|2407b280ffffffffffffffffffffffff
6|2407b380000000000000000000000000|2407b380ffffffffffffffffffffffff
6|2407b580000000000000000000000000|2407b580ffffffffffffffffffffffff
6|2407b680000000000000000000000000|2407b680ffffffffffffffffffffffff
6|2407b780000000000000000000000000|2407b780ffffffffffffffffffffffff
6|2407b880000000000000000000000000|2407b880ffffffffffffffffffffffff
6|2407b980000000000000000000000000|2407b980ffffffffffffffffffffffff
6|2407ba00000000000000000000000000|2407ba00ffffffffffffffffffffffff
6|2407ba80000000000000000000000000|2407ba80ffffffffffffffffffffffff
6|2407bb80000000000000000000000000|2407bb80ffffffffffffffffffffffff
6|2407bc00000000000000000000000000|2407bc00ffffffffffffffffffffffff
6|2407bc80000000000000000000000000|2407bc80ffffffffffffffffffffffff
6|2407bd80000000000000000000000000|2407bd80ffffffffffffffffffffffff
6|2407bdc0000000000000000000000000|2407bdc0ffffffffffffffffffffffff
6|2407be80000000000000000000000000|2407be80ffffffffffffffffffffffff
6|2407bf80000000000000000000000000|2407bf80ffffffffffffffffffffffff
6|2407c080000000000000000000000000|2407c080ffffffffffffffffffffffff
6|2407c380000000000000000000000000|2407c380ffffffffffffffffffffffff
6|2407c400000000000000000000000000|2407c400ffffffffffffffffffffffff
6|2407c480000000000000000000000000|2407c480ffffffffffffffffffffffff
6|2407c580000000000000000000000000|2407c580ffffffffffffffffffffffff
6|2407c680000000000000000000000000|2407c680ffffffffffffffffffffffff
6|2407c780000000000000000000000000|2407c780ffffffffffffffffffffffff
6|2407c880000000000000000000000000|2407c880ffffffffffffffffffffffff
6|2407c900000000000000000000000000|2407c900ffffffffffffffffffffffff
6|2407c980000000000000000000000000|2407c980ffffffffffffffffffffffff
6|2407cb80000000000000000000000000|2407cb80ffffffffffffffffffffffff
6|2407cc80000000000000000000000000|2407cc80ffffffffffffffffffffffff
6|2407cd80000000000000000000000000|2407cd80ffffffffffffffffffffffff
6|2407ce80000000000000000000000000|2407ce80ffffffffffffffffffffffff
6|2407cf80000000000000000000000000|2407cf80ffffffffffffffffffffffff
6|2407d480000000000000000000000000|2407d480ffffffffffffffffffffffff
6|2407d580000000000000000000000000|2407d580ffffffffffffffffffffffff
6|2407d680000000000000000000000000|2407d680ffffffffffffffffffffffff
6|2407d780000000000000000000000000|2407d780ffffffffffffffffffffffff
6|2407d7c0000000000000000000000000|2407d7c0ffffffffffffffffffffffff
6|2407d880000000000000000000000000|2407d880ffffffffffffffffffffffff
6|2407d8c0000000000000000000000000|2407d8c0ffffffffffffffffffffffff
6|2407d980000000000000000000000000|2407d980ffffffffffffffffffffffff
6|2407d9c0000000000000000000000000|2407d9c0ffffffffffffffffffffffff
6|2407da80000000000000000000000000|2407da80ffffffffffffffffffffffff
6|2407db80000000000000000000000000|2407db80ffffffffffffffffffffffff
6|2407dc80000000000000000000000000|2407dc80ffffffffffffffffffffffff
6|2407dd80000000000000000000000000|2407dd80ffffffffffffffffffffffff
6|2407de80000000000000000000000000|2407de80ffffffffffffffffffffffff
6|2407df80000000000000000000000000|2407df80ffffffffffffffffffffffff
6|2407dfc0000000000000000000000000|2407dfc0ffffffffffffffffffffffff
6|2407e080000000000000000000000000|2407e080ffffffffffffffffffffffff
6|2407e180000000000000000000000000|2407e180ffffffffffffffffffffffff
6|2407e280000000000000000000000000|2407e280ffffffffffffffffffffffff
6|2407e380000000000000000000000000|2407e380ffffffffffffffffffffffff
6|2407e480000000000000000000000000|2407e480ffffffffffffffffffffffff
6|2407e580000000000000000000000000|2407e580ffffffffffffffffffffffff
6|2407e680000000000000000000000000|2407e680ffffffffffffffffffffffff
6|2407e780000000000000000000000000|2407e780ffffffffffffffffffffffff
6|2407e800000000000000000000000000|2407e800ffffffffffffffffffffffff
6|2407ea80000000000000000000000000|2407ea80ffffffffffffffffffffffff
6|2407eb80000000000000000000000000|2407eb80ffffffffffffffffffffffff
6|2407ec40000000000000000000000000|2407ec40ffffffffffffffffffffffff
6|2407ec80000000000000000000000000|2407ec80ffffffffffffffffffffffff
6|2407ecc0000000000000000000000000|2407ecc0ffffffffffffffffffffffff
6|2407ed80000000000000000000000000|2407ed80ffffffffffffffffffffffff
6|2407ee80000000000000000000000000|2407ee80ffffffffffffffffffffffff
6|2407ef80000000000000000000000000|2407ef80ffffffffffffffffffffffff
6|2407f080000000000000000000000000|2407f080ffffffffffffffffffffffff
6|2407f180000000000000000000000000|2407f180ffffffffffffffffffffffff
6|2407f280000000000000000000000000|2407f280ffffffffffffffffffffffff
6|2407f380000000000000000000000000|2407f380ffffffffffffffffffffffff
6|2407f480000000000000000000000000|2407f480ffffffffffffffffffffffff
6|2407f580000000000000000000000000|2407f580ffffffffffffffffffffffff
6|2407f680000000000000000000000000|2407f680ffffffffffffffffffffffff
6|2407f780000000000000000000000000|2407f780ffffffffffffffffffffffff
6|2407f880000000000000000000000000|2407f880ffffffffffffffffffffffff
6|2407f980000000000000000000000000|2407f980ffffffffffffffffffffffff
6|2407fa80000000000000000000000000|2407fa80ffffffffffffffffffffffff
6|2407fb80000000000000000000000000|2407fb80ffffffffffffffffffffffff
6|2407fc80000000000000000000000000|2407fc80ffffffffffffffffffffffff
6|2407fd80000000000000000000000000|2407fd80ffffffffffffffffffffffff
6|24084000000000000000000000000000|240843ffffffffffffffffffffffffff
6|24086000000000000000000000000000|240860ffffffffffffffffffffffffff
6|24088000000000000000000000000000|24088fffffffffffffffffffffffffff
6|24091000000000000000000000000000|240927ffffffffffffffffffffffffff
6|24096000000000000000000000000000|24096fffffffffffffffffffffffffff
6|24098000000000000000000000000000|24098fffffffffffffffffffffffffff
6|240a2000000000000000000000000000|240a20ffffffffffffffffffffffffff
6|240a4000000000000000000000000000|240a47ffffffffffffffffffffffffff
6|240a6000000000000000000000000000|240a60ffffffffffffffffffffffffff
6|240a8000000000000000000000000000|240a87ffffffffffffffffffffffffff
6|240aa000000000000000000000000000|240aafffffffffffffffffffffffffff
6|240ac000000000000000000000000000|240acfffffffffffffffffffffffffff
6|240b2000000000000000000000000000|240b23ffffffffffffffffffffffffff
6|240b6000000000000000000000000000|240b6fffffffffffffffffffffffffff
6|240b8000000000000000000000000000|240b87ffffffffffffffffffffffffff
6|240ba000000000000000000000000000|240ba07fffffffffffffffffffffffff
6|240be000000000000000000000000000|240be03fffffffffffffffffffffffff
6|240c0000000000000000000000000000|240c0000ffffffffffffffffffffffff
6|240c0006000000000000000000000000|240c0006ffffffffffffffffffffffff
6|240c000f000000000000000000000000|240c000fffffffffffffffffffffffff
6|240c4000000000000000000000000000|240c43ffffffffffffffffffffffffff
6|240c8000000000000000000000000000|240c87ffffffffffffffffffffffffff
6|240cc000000000000000000000000000|240ccfffffffffffffffffffffffffff
6|240d4000000000000000000000000000|240d47ffffffffffffffffffffffffff
6|240d8000000000000000000000000000|240d80ffffffffffffffffffffffffff
6|240e0000000000000000000000000000|240e3fffffffffffffffffffffffffff
6|240f4000000000000000000000000000|240f40ffffffffffffffffffffffffff
6|240f8000000000000000000000000000|240f80ffffffffffffffffffffffffff
6|240fc000000000000000000000000000|240fc0ffffffffffffffffffffffffff
